time_s,x,y,wifi_ssid,wifi_rssi,wifi_mac
2.317,3.3196538562039124,0.380475824073883,ASUS_A8_2G,-48,F0:2F:74:E2:C4:A8
2.324,3.3196538562039124,0.380475824073883,DIRECT-34-HP M283 LaserJet,-53,AA:3B:76:CB:18:34
2.329,3.3196538562039124,0.380475824073883,JacksoniPhone,-53,DA:9A:F3:00:FF:3E
2.334,3.3196538562039124,0.380475824073883,D-Link_DIR-612,-57,48:EE:0C:A9:21:B0
2.339,3.3196538562039124,0.380475824073883,LAB337_EX(2.4G),-57,34:97:F6:A6:80:40
2.344,3.3196538562039124,0.380475824073883,BMELab,-61,AC:9E:17:79:CE:50
2.349,3.3196538562039124,0.380475824073883,BMELabIII,-66,14:DA:E9:80:B0:34
2.354,3.3196538562039124,0.380475824073883,LAB334,-67,10:27:F5:E0:85:37
2.358,3.3196538562039124,0.380475824073883,eduroam,-68,F4:2E:7F:D3:10:80
2.363,3.3196538562039124,0.380475824073883,NYCU,-68,F4:2E:7F:D3:10:82
2.368,3.3196538562039124,0.380475824073883,NYCU-Guest,-70,F4:2E:7F:D3:10:83
2.373,3.3196538562039124,0.380475824073883,NYCU-Seminar,-70,F4:2E:7F:D3:10:84
2.378,3.3196538562039124,0.380475824073883,DIRECT-3E-HP Color LJ 4303,-71,BE:0F:F3:F6:CA:3E
2.383,3.3196538562039124,0.380475824073883,WYTN_RD,-76,A8:5E:45:9A:73:F8
2.388,3.3196538562039124,0.380475824073883,APL_ASUS,-77,10:C3:7B:C5:F8:00
2.393,3.3196538562039124,0.380475824073883,LAB335-1,-78,40:86:CB:DF:DB:C8
2.398,3.3196538562039124,0.380475824073883,eduroam,-80,F4:2E:7F:D2:93:A0
2.403,3.3196538562039124,0.380475824073883,NYCU-Seminar,-80,F4:2E:7F:D2:93:A4
2.408,3.3196538562039124,0.380475824073883,WYTN_RD-Meeting,-80,A8:5E:45:9A:73:80
2.412,3.3196538562039124,0.380475824073883,NYCU,-81,F4:2E:7F:D2:93:A2
2.417,3.3196538562039124,0.380475824073883,NYCU-Guest,-82,F4:2E:7F:D2:93:A3
2.422,3.3196538562039124,0.380475824073883,WYTN_RD-LAB,-85,A8:5E:45:9A:82:60
5.918,3.1407280383176714,0.9286082054924468,ASUS_A8_2G,-49,F0:2F:74:E2:C4:A8
5.924,3.1407280383176714,0.9286082054924468,DIRECT-34-HP M283 LaserJet,-51,AA:3B:76:CB:18:34
5.930,3.1407280383176714,0.9286082054924468,JacksoniPhone,-54,DA:9A:F3:00:FF:3E
5.935,3.1407280383176714,0.9286082054924468,LAB334,-59,10:27:F5:E0:85:37
6.014,3.1407280383176714,0.9286082054924468,D-Link_DIR-612,-60,48:EE:0C:A9:21:B0
6.022,3.1407280383176714,0.9286082054924468,BMELab,-61,AC:9E:17:79:CE:50
6.028,3.1407280383176714,0.9286082054924468,LAB337_EX(2.4G),-65,34:97:F6:A6:80:40
6.033,3.1407280383176714,0.9286082054924468,NYCU-Seminar,-71,F4:2E:7F:D3:10:84
6.038,3.1407280383176714,0.9286082054924468,BMELabIII,-71,14:DA:E9:80:B0:34
6.043,3.1407280383176714,0.9286082054924468,DIRECT-3E-HP Color LJ 4303,-71,BE:0F:F3:F6:CA:3E
6.048,3.1407280383176714,0.9286082054924468,WYTN_RD,-75,A8:5E:45:9A:73:F8
6.052,3.1407280383176714,0.9286082054924468,eduroam,-76,F4:2E:7F:D3:10:80
6.057,3.1407280383176714,0.9286082054924468,NYCU,-76,F4:2E:7F:D3:10:82
6.062,3.1407280383176714,0.9286082054924468,NYCU-Guest,-76,F4:2E:7F:D3:10:83
6.067,3.1407280383176714,0.9286082054924468,Lab542,-76,A0:36:BC:0E:7A:B8
6.072,3.1407280383176714,0.9286082054924468,WYTN_RD-Meeting,-77,A8:5E:45:9A:73:80
6.076,3.1407280383176714,0.9286082054924468,NYCU,-80,F4:2E:7F:D2:93:A2
6.081,3.1407280383176714,0.9286082054924468,eduroam,-81,F4:2E:7F:D2:93:A0
6.086,3.1407280383176714,0.9286082054924468,NYCU-Guest,-81,F4:2E:7F:D2:93:A3
6.092,3.1407280383176714,0.9286082054924468,NYCU-Seminar,-82,F4:2E:7F:D2:93:A4
6.116,3.1407280383176714,0.9286082054924468,CHT Wi-Fi(HiNet),-92,1C:5F:2B:25:10:01
10.217,3.2031141170130573,1.844096589941051,JacksoniPhone,-44,DA:9A:F3:00:FF:3E
10.223,3.2031141170130573,1.844096589941051,ASUS_A8_2G,-45,F0:2F:74:E2:C4:A8
10.229,3.2031141170130573,1.844096589941051,DIRECT-34-HP M283 LaserJet,-59,AA:3B:76:CB:18:34
10.234,3.2031141170130573,1.844096589941051,LAB337_EX(2.4G),-63,34:97:F6:A6:80:40
10.238,3.2031141170130573,1.844096589941051,BMELabIII,-64,14:DA:E9:80:B0:34
10.243,3.2031141170130573,1.844096589941051,AIUVL,-67,10:7C:61:DA:BF:A6
10.248,3.2031141170130573,1.844096589941051,LAB334,-71,10:27:F5:E0:85:37
10.253,3.2031141170130573,1.844096589941051,NYCU,-72,F4:2E:7F:D3:10:82
10.258,3.2031141170130573,1.844096589941051,NYCU-Guest,-72,F4:2E:7F:D3:10:83
10.262,3.2031141170130573,1.844096589941051,NYCU-Seminar,-72,F4:2E:7F:D3:10:84
10.267,3.2031141170130573,1.844096589941051,eduroam,-73,F4:2E:7F:D3:10:80
10.272,3.2031141170130573,1.844096589941051,Lab542,-74,A0:36:BC:0E:7A:B8
10.277,3.2031141170130573,1.844096589941051,BMELab,-74,AC:9E:17:79:CE:50
10.281,3.2031141170130573,1.844096589941051,NYCU,-76,F4:2E:7F:D2:93:A2
10.286,3.2031141170130573,1.844096589941051,eduroam,-76,F4:2E:7F:D2:93:A0
10.291,3.2031141170130573,1.844096589941051,NYCU-Guest,-76,F4:2E:7F:D2:93:A3
10.296,3.2031141170130573,1.844096589941051,NYCU-Seminar,-76,F4:2E:7F:D2:93:A4
10.301,3.2031141170130573,1.844096589941051,APL_ASUS,-76,10:C3:7B:C5:F8:00
10.306,3.2031141170130573,1.844096589941051,DIRECT-3E-HP Color LJ 4303,-77,BE:0F:F3:F6:CA:3E
10.311,3.2031141170130573,1.844096589941051,WYTN_RD-LAB,-79,A8:5E:45:9A:82:60
10.315,3.2031141170130573,1.844096589941051,PM2.5_Setup_E4,-83,74:DA:38:C7:D3:E5
10.417,3.2031141170130573,1.844096589941051,DIRECT-524ABFA7,-86,3A:1A:52:4A:3F:A7
10.424,3.2031141170130573,1.844096589941051,.1.Free Wi-Fi,-89,10:62:EB:C4:48:23
14.412,3.084952390831716,2.929016378702582,ASUS_A8_2G,-46,F0:2F:74:E2:C4:A8
14.417,3.084952390831716,2.929016378702582,DIRECT-34-HP M283 LaserJet,-51,AA:3B:76:CB:18:34
14.423,3.084952390831716,2.929016378702582,JacksoniPhone,-55,DA:9A:F3:00:FF:3E
14.429,3.084952390831716,2.929016378702582,D-Link_DIR-612,-59,48:EE:0C:A9:21:B0
14.435,3.084952390831716,2.929016378702582,LAB334,-60,10:27:F5:E0:85:37
14.441,3.084952390831716,2.929016378702582,LAB337_EX(2.4G),-63,34:97:F6:A6:80:40
14.446,3.084952390831716,2.929016378702582,BMELab,-63,AC:9E:17:79:CE:50
14.452,3.084952390831716,2.929016378702582,AIUVL,-65,10:7C:61:DA:BF:A6
14.458,3.084952390831716,2.929016378702582,NYCU-Seminar,-70,F4:2E:7F:D3:10:84
14.464,3.084952390831716,2.929016378702582,APL_ASUS,-70,10:C3:7B:C5:F8:00
14.469,3.084952390831716,2.929016378702582,eduroam,-71,F4:2E:7F:D3:10:80
14.474,3.084952390831716,2.929016378702582,NYCU,-71,F4:2E:7F:D3:10:82
14.478,3.084952390831716,2.929016378702582,NYCU-Guest,-71,F4:2E:7F:D3:10:83
14.484,3.084952390831716,2.929016378702582,WYTN_RD-Meeting,-73,A8:5E:45:9A:73:80
14.489,3.084952390831716,2.929016378702582,WYTN_RD,-74,A8:5E:45:9A:73:F8
14.495,3.084952390831716,2.929016378702582,Lab542,-76,A0:36:BC:0E:7A:B8
14.514,3.084952390831716,2.929016378702582,eduroam,-77,F4:2E:7F:D2:93:A0
14.523,3.084952390831716,2.929016378702582,NYCU,-77,F4:2E:7F:D2:93:A2
14.528,3.084952390831716,2.929016378702582,NYCU-Guest,-77,F4:2E:7F:D2:93:A3
14.615,3.084952390831716,2.929016378702582,NYCU-Seminar,-77,F4:2E:7F:D2:93:A4
14.622,3.084952390831716,2.929016378702582,BMELabIII,-77,14:DA:E9:80:B0:34
14.628,3.084952390831716,2.929016378702582,DIRECT-524ABFA7,-81,3A:1A:52:4A:3F:A7
14.633,3.084952390831716,2.929016378702582,DIRECT-3E-HP Color LJ 4303,-81,BE:0F:F3:F6:CA:3E
14.638,3.084952390831716,2.929016378702582,CHT Wi-Fi(HiNet),-84,10:62:EB:C4:48:21
14.644,3.084952390831716,2.929016378702582,WYTN_RD-LAB,-84,A8:5E:45:9A:82:60
14.649,3.084952390831716,2.929016378702582,arai,-85,D8:EC:E5:C9:A9:E3
14.654,3.084952390831716,2.929016378702582,PM2.5_Setup_E4,-86,74:DA:38:C7:D3:E5
18.714,2.8921486117463817,3.5115914329268647,JacksoniPhone,-45,DA:9A:F3:00:FF:3E
18.723,2.8921486117463817,3.5115914329268647,ASUS_A8_2G,-45,F0:2F:74:E2:C4:A8
18.729,2.8921486117463817,3.5115914329268647,D-Link_DIR-612,-62,48:EE:0C:A9:21:B0
18.734,2.8921486117463817,3.5115914329268647,LAB334,-62,10:27:F5:E0:85:37
18.740,2.8921486117463817,3.5115914329268647,DIRECT-34-HP M283 LaserJet,-62,AA:3B:76:CB:18:34
18.745,2.8921486117463817,3.5115914329268647,BMELabIII,-63,14:DA:E9:80:B0:34
18.750,2.8921486117463817,3.5115914329268647,eduroam,-65,F4:2E:7F:D3:10:80
18.754,2.8921486117463817,3.5115914329268647,NYCU,-65,F4:2E:7F:D3:10:82
18.759,2.8921486117463817,3.5115914329268647,NYCU-Guest,-65,F4:2E:7F:D3:10:83
18.764,2.8921486117463817,3.5115914329268647,NYCU-Seminar,-66,F4:2E:7F:D3:10:84
18.769,2.8921486117463817,3.5115914329268647,BMELab,-69,AC:9E:17:79:CE:50
18.774,2.8921486117463817,3.5115914329268647,DIRECT-3E-HP Color LJ 4303,-70,BE:0F:F3:F6:CA:3E
18.779,2.8921486117463817,3.5115914329268647,LAB337_EX(2.4G),-71,34:97:F6:A6:80:40
18.784,2.8921486117463817,3.5115914329268647,eduroam,-76,F4:2E:7F:D2:93:A0
18.789,2.8921486117463817,3.5115914329268647,NYCU,-76,F4:2E:7F:D2:93:A2
18.794,2.8921486117463817,3.5115914329268647,NYCU-Guest,-76,F4:2E:7F:D2:93:A3
18.800,2.8921486117463817,3.5115914329268647,NYCU-Seminar,-76,F4:2E:7F:D2:93:A4
18.805,2.8921486117463817,3.5115914329268647,WYTN_RD-Meeting,-77,A8:5E:45:9A:73:80
18.810,2.8921486117463817,3.5115914329268647,APL_ASUS,-77,10:C3:7B:C5:F8:00
18.816,2.8921486117463817,3.5115914329268647,LAB540,-77,10:7C:61:E6:63:74
18.821,2.8921486117463817,3.5115914329268647,Lab542,-81,A0:36:BC:0E:7A:B8
18.826,2.8921486117463817,3.5115914329268647,PM2.5_Setup_E4,-82,74:DA:38:C7:D3:E5
18.916,2.8921486117463817,3.5115914329268647,WYTN_RD-LAB,-84,A8:5E:45:9A:82:60
22.917,2.8767082078208293,4.34635609728057,ASUS_A8_2G,-45,F0:2F:74:E2:C4:A8
22.924,2.8767082078208293,4.34635609728057,JacksoniPhone,-47,DA:9A:F3:00:FF:3E
22.930,2.8767082078208293,4.34635609728057,D-Link_DIR-612,-52,48:EE:0C:A9:21:B0
22.935,2.8767082078208293,4.34635609728057,LAB334,-57,10:27:F5:E0:85:37
22.940,2.8767082078208293,4.34635609728057,DIRECT-34-HP M283 LaserJet,-57,AA:3B:76:CB:18:34
22.944,2.8767082078208293,4.34635609728057,BMELabIII,-63,14:DA:E9:80:B0:34
22.949,2.8767082078208293,4.34635609728057,LAB337_EX(2.4G),-63,34:97:F6:A6:80:40
22.954,2.8767082078208293,4.34635609728057,BMELab,-63,AC:9E:17:79:CE:50
22.959,2.8767082078208293,4.34635609728057,AIUVL,-66,10:7C:61:DA:BF:A6
22.964,2.8767082078208293,4.34635609728057,NYCU-Guest,-67,F4:2E:7F:D3:10:83
22.969,2.8767082078208293,4.34635609728057,NYCU,-69,F4:2E:7F:D3:10:82
22.974,2.8767082078208293,4.34635609728057,NYCU-Seminar,-69,F4:2E:7F:D3:10:84
22.979,2.8767082078208293,4.34635609728057,eduroam,-70,F4:2E:7F:D3:10:80
22.983,2.8767082078208293,4.34635609728057,DIRECT-3E-HP Color LJ 4303,-73,BE:0F:F3:F6:CA:3E
22.988,2.8767082078208293,4.34635609728057,APL_ASUS,-75,10:C3:7B:C5:F8:00
23.014,2.8767082078208293,4.34635609728057,NYCU,-77,F4:2E:7F:D2:93:A2
23.023,2.8767082078208293,4.34635609728057,NYCU-Guest,-77,F4:2E:7F:D2:93:A3
23.028,2.8767082078208293,4.34635609728057,NYCU-Seminar,-77,F4:2E:7F:D2:93:A4
23.033,2.8767082078208293,4.34635609728057,eduroam,-78,F4:2E:7F:D2:93:A0
23.038,2.8767082078208293,4.34635609728057,WYTN_RD-Meeting,-81,A8:5E:45:9A:73:80
23.116,2.8767082078208293,4.34635609728057,DIRECT-524ABFA7,-83,3A:1A:52:4A:3F:A7
23.123,2.8767082078208293,4.34635609728057,PM2.5_Setup_E4,-83,74:DA:38:C7:D3:E5
23.129,2.8767082078208293,4.34635609728057,LAB335-1,-84,40:86:CB:DF:DB:C8
23.134,2.8767082078208293,4.34635609728057,.1.Free Wi-Fi,-85,10:62:EB:C4:48:23
23.139,2.8767082078208293,4.34635609728057,USEC,-86,CC:28:AA:B8:96:4A
23.144,2.8767082078208293,4.34635609728057,CHT Wi-Fi(HiNet),-87,10:62:EB:C4:48:21
23.149,2.8767082078208293,4.34635609728057,CHT Wi-Fi(HiNet),-90,1C:5F:2B:25:10:01
26.917,2.77852315645225,5.22650837565409,DIRECT-34-HP M283 LaserJet,-54,AA:3B:76:CB:18:34
26.924,2.77852315645225,5.22650837565409,ASUS_A8_2G,-54,F0:2F:74:E2:C4:A8
26.929,2.77852315645225,5.22650837565409,JacksoniPhone,-56,DA:9A:F3:00:FF:3E
26.934,2.77852315645225,5.22650837565409,AIUVL,-62,10:7C:61:DA:BF:A6
26.939,2.77852315645225,5.22650837565409,LAB334,-63,10:27:F5:E0:85:37
26.943,2.77852315645225,5.22650837565409,LAB337_EX(2.4G),-63,34:97:F6:A6:80:40
26.948,2.77852315645225,5.22650837565409,BMELab,-66,AC:9E:17:79:CE:50
26.953,2.77852315645225,5.22650837565409,D-Link_DIR-612,-68,48:EE:0C:A9:21:B0
26.958,2.77852315645225,5.22650837565409,BMELabIII,-70,14:DA:E9:80:B0:34
26.962,2.77852315645225,5.22650837565409,eduroam,-74,F4:2E:7F:D3:10:80
26.967,2.77852315645225,5.22650837565409,NYCU-Guest,-76,F4:2E:7F:D3:10:83
27.015,2.77852315645225,5.22650837565409,NYCU-Seminar,-76,F4:2E:7F:D3:10:84
27.022,2.77852315645225,5.22650837565409,NYCU,-77,F4:2E:7F:D3:10:82
27.028,2.77852315645225,5.22650837565409,DIRECT-3E-HP Color LJ 4303,-77,BE:0F:F3:F6:CA:3E
27.033,2.77852315645225,5.22650837565409,DIRECT-524ABFA7,-78,3A:1A:52:4A:3F:A7
27.038,2.77852315645225,5.22650837565409,NYCU,-82,F4:2E:7F:D2:93:A2
27.043,2.77852315645225,5.22650837565409,WYTN_RD-LAB,-82,A8:5E:45:9A:82:60
27.048,2.77852315645225,5.22650837565409,PM2.5_Setup_E4,-82,74:DA:38:C7:D3:E5
27.053,2.77852315645225,5.22650837565409,NYCU-Guest,-83,F4:2E:7F:D2:93:A3
27.058,2.77852315645225,5.22650837565409,eduroam,-83,F4:2E:7F:D2:93:A0
27.114,2.77852315645225,5.22650837565409,WYTN_RD,-83,A8:5E:45:9A:73:F8
27.123,2.77852315645225,5.22650837565409,NYCU-Seminar,-86,F4:2E:7F:D2:93:A4
30.916,2.659782122740867,5.8360366700242565,JacksoniPhone,-49,DA:9A:F3:00:FF:3E
30.924,2.659782122740867,5.8360366700242565,DIRECT-34-HP M283 LaserJet,-56,AA:3B:76:CB:18:34
30.929,2.659782122740867,5.8360366700242565,LAB334,-61,10:27:F5:E0:85:37
30.934,2.659782122740867,5.8360366700242565,LAB337_EX(2.4G),-63,34:97:F6:A6:80:40
30.939,2.659782122740867,5.8360366700242565,ASUS_A8_2G,-63,F0:2F:74:E2:C4:A8
30.944,2.659782122740867,5.8360366700242565,D-Link_DIR-612,-69,48:EE:0C:A9:21:B0
30.949,2.659782122740867,5.8360366700242565,BMELab,-73,AC:9E:17:79:CE:50
30.954,2.659782122740867,5.8360366700242565,NYCU-Guest,-74,F4:2E:7F:D3:10:83
30.959,2.659782122740867,5.8360366700242565,NYCU-Seminar,-74,F4:2E:7F:D3:10:84
30.964,2.659782122740867,5.8360366700242565,eduroam,-75,F4:2E:7F:D3:10:80
30.969,2.659782122740867,5.8360366700242565,BMELabIII,-75,14:DA:E9:80:B0:34
30.974,2.659782122740867,5.8360366700242565,AIUVL,-76,10:7C:61:DA:BF:A6
30.979,2.659782122740867,5.8360366700242565,DIRECT-3E-HP Color LJ 4303,-76,BE:0F:F3:F6:CA:3E
30.984,2.659782122740867,5.8360366700242565,NYCU,-78,F4:2E:7F:D3:10:82
30.990,2.659782122740867,5.8360366700242565,WYTN_RD-LAB,-80,A8:5E:45:9A:82:60
30.996,2.659782122740867,5.8360366700242565,WYTN_RD-Meeting,-82,A8:5E:45:9A:73:80
31.001,2.659782122740867,5.8360366700242565,WYTN_RD,-84,A8:5E:45:9A:73:F8
31.012,2.613708026886801,6.098227628367208,NYCU,-87,F4:2E:7F:D2:93:A2
31.115,2.613708026886801,6.098227628367208,DIRECT-524ABFA7,-87,3A:1A:52:4A:3F:A7
31.122,2.613708026886801,6.098227628367208,PM2.5_Setup_E4,-90,74:DA:38:C7:D3:E5
35.115,2.5546550834313835,6.385859338623595,JacksoniPhone,-48,DA:9A:F3:00:FF:3E
35.122,2.5546550834313835,6.385859338623595,DIRECT-34-HP M283 LaserJet,-54,AA:3B:76:CB:18:34
35.128,2.5546550834313835,6.385859338623595,ASUS_A8_2G,-57,F0:2F:74:E2:C4:A8
35.133,2.5546550834313835,6.385859338623595,D-Link_DIR-612,-61,48:EE:0C:A9:21:B0
35.137,2.5546550834313835,6.385859338623595,BMELab,-61,AC:9E:17:79:CE:50
35.142,2.5546550834313835,6.385859338623595,BMELabIII,-63,14:DA:E9:80:B0:34
35.148,2.5546550834313835,6.385859338623595,NYCU,-66,F4:2E:7F:D3:10:82
35.152,2.5546550834313835,6.385859338623595,NYCU-Guest,-66,F4:2E:7F:D3:10:83
35.157,2.5546550834313835,6.385859338623595,eduroam,-67,F4:2E:7F:D3:10:80
35.162,2.5546550834313835,6.385859338623595,LAB337_EX(2.4G),-69,34:97:F6:A6:80:40
35.167,2.5546550834313835,6.385859338623595,WYTN_RD-LAB,-70,A8:5E:45:9A:82:60
35.172,2.5546550834313835,6.385859338623595,AIUVL,-71,10:7C:61:DA:BF:A6
35.176,2.5546550834313835,6.385859338623595,LAB334,-77,10:27:F5:E0:85:37
35.181,2.5546550834313835,6.385859338623595,NYCU,-78,F4:2E:7F:D2:93:A2
35.186,2.5546550834313835,6.385859338623595,NYCU-Guest,-78,F4:2E:7F:D2:93:A3
35.191,2.5546550834313835,6.385859338623595,NYCU-Seminar,-78,F4:2E:7F:D2:93:A4
35.215,2.5546550834313835,6.385859338623595,eduroam,-79,F4:2E:7F:D2:93:A0
35.223,2.5546550834313835,6.385859338623595,APL_ASUS,-79,10:C3:7B:C5:F8:00
35.228,2.5546550834313835,6.385859338623595,DIRECT-3E-HP Color LJ 4303,-79,BE:0F:F3:F6:CA:3E
35.233,2.5546550834313835,6.385859338623595,DIRECT-c1-HP M141 LaserJet,-80,5E:60:BA:43:7D:C1
35.317,2.5546550834313835,6.385859338623595,Lab542,-84,A0:36:BC:0E:7A:B8
35.324,2.5546550834313835,6.385859338623595,PM2.5_Setup_E4,-84,74:DA:38:C7:D3:E5
35.329,2.5546550834313835,6.385859338623595,DIRECT-524ABFA7,-85,3A:1A:52:4A:3F:A7
35.334,2.5546550834313835,6.385859338623595,.1.Free Wi-Fi,-88,10:62:EB:C4:48:23
35.339,2.5546550834313835,6.385859338623595,arai2,-92,DA:5F:E5:C9:A6:50
39.316,2.2784707949970446,7.16553502364635,DIRECT-34-HP M283 LaserJet,-50,AA:3B:76:CB:18:34
39.323,2.2784707949970446,7.16553502364635,JacksoniPhone,-50,DA:9A:F3:00:FF:3E
39.331,2.2784707949970446,7.16553502364635,ASUS_A8_2G,-52,F0:2F:74:E2:C4:A8
39.336,2.2784707949970446,7.16553502364635,LAB337_EX(2.4G),-61,34:97:F6:A6:80:40
39.342,2.2784707949970446,7.16553502364635,D-Link_DIR-612,-62,48:EE:0C:A9:21:B0
39.346,2.2784707949970446,7.16553502364635,BMELab,-66,AC:9E:17:79:CE:50
39.351,2.2784707949970446,7.16553502364635,NYCU-Guest,-67,F4:2E:7F:D3:10:83
39.412,2.2784707949970446,7.16553502364635,NYCU-Seminar,-70,F4:2E:7F:D3:10:84
39.417,2.2784707949970446,7.16553502364635,LAB334,-70,10:27:F5:E0:85:37
39.422,2.2784707949970446,7.16553502364635,APL_ASUS,-71,10:C3:7B:C5:F8:00
39.427,2.2784707949970446,7.16553502364635,AIUVL,-71,10:7C:61:DA:BF:A6
39.432,2.2784707949970446,7.16553502364635,WYTN_RD-LAB,-72,A8:5E:45:9A:82:60
39.437,2.2784707949970446,7.16553502364635,eduroam,-73,F4:2E:7F:D3:10:80
39.443,2.2784707949970446,7.16553502364635,NYCU,-73,F4:2E:7F:D3:10:82
39.448,2.2784707949970446,7.16553502364635,DIRECT-c1-HP M141 LaserJet,-74,5E:60:BA:43:7D:C1
39.453,2.2784707949970446,7.16553502364635,BMELabIII,-74,14:DA:E9:80:B0:34
39.458,2.2784707949970446,7.16553502364635,WYTN_RD-Meeting,-80,A8:5E:45:9A:73:80
39.463,2.2784707949970446,7.16553502364635,Lab542,-80,A0:36:BC:0E:7A:B8
39.516,2.2784707949970446,7.16553502364635,NYCU-Seminar,-82,F4:2E:7F:D2:93:A4
39.522,2.2784707949970446,7.16553502364635,eduroam,-83,F4:2E:7F:D2:93:A0
39.528,2.2784707949970446,7.16553502364635,DIRECT-3E-HP Color LJ 4303,-84,BE:0F:F3:F6:CA:3E
39.533,2.2784707949970446,7.16553502364635,PM2.5_Setup_E4,-84,74:DA:38:C7:D3:E5
39.538,2.2784707949970446,7.16553502364635,NYCU,-86,F4:2E:7F:D2:93:A2
39.543,2.2784707949970446,7.16553502364635,DIRECT-21-HP M148 LaserJet,-88,4E:EB:BD:6F:E7:21
39.549,2.2784707949970446,7.16553502364635,DIRECT-524ABFA7,-88,3A:1A:52:4A:3F:A7
43.318,1.626484487203274,7.455796662217787,DIRECT-34-HP M283 LaserJet,-51,AA:3B:76:CB:18:34
43.325,1.626484487203274,7.455796662217787,JacksoniPhone,-56,DA:9A:F3:00:FF:3E
43.330,1.626484487203274,7.455796662217787,D-Link_DIR-612,-60,48:EE:0C:A9:21:B0
43.334,1.626484487203274,7.455796662217787,LAB337_EX(2.4G),-60,34:97:F6:A6:80:40
43.339,1.626484487203274,7.455796662217787,ASUS_A8_2G,-61,F0:2F:74:E2:C4:A8
43.344,1.626484487203274,7.455796662217787,AIUVL,-69,10:7C:61:DA:BF:A6
43.415,1.626484487203274,7.455796662217787,LAB334,-70,10:27:F5:E0:85:37
43.421,1.626484487203274,7.455796662217787,APL_ASUS,-70,10:C3:7B:C5:F8:00
43.427,1.626484487203274,7.455796662217787,BMELab,-70,AC:9E:17:79:CE:50
43.432,1.626484487203274,7.455796662217787,BMELabIII,-71,14:DA:E9:80:B0:34
43.437,1.626484487203274,7.455796662217787,NYCU-Guest,-73,F4:2E:7F:D3:10:83
43.441,1.626484487203274,7.455796662217787,NYCU-Seminar,-76,F4:2E:7F:D2:93:A4
43.446,1.626484487203274,7.455796662217787,NYCU,-76,F4:2E:7F:D3:10:82
43.452,1.626484487203274,7.455796662217787,eduroam,-77,F4:2E:7F:D3:10:80
43.457,1.626484487203274,7.455796662217787,NYCU,-79,F4:2E:7F:D2:93:A2
43.461,1.626484487203274,7.455796662217787,PM2.5_Setup_E4,-79,74:DA:38:C7:D3:E5
43.466,1.626484487203274,7.455796662217787,eduroam,-80,F4:2E:7F:D2:93:A0
43.471,1.626484487203274,7.455796662217787,NYCU-Guest,-80,F4:2E:7F:D2:93:A3
43.476,1.626484487203274,7.455796662217787,Lab542,-80,A0:36:BC:0E:7A:B8
43.515,1.626484487203274,7.455796662217787,LAB335-1,-81,40:86:CB:DF:DB:C8
43.523,1.626484487203274,7.455796662217787,DIRECT-524ABFA7,-82,3A:1A:52:4A:3F:A7
43.528,1.626484487203274,7.455796662217787,WYTN_RD-Meeting,-84,A8:5E:45:9A:73:80
43.533,1.626484487203274,7.455796662217787,DIRECT-3E-HP Color LJ 4303,-85,BE:0F:F3:F6:CA:3E
43.537,1.626484487203274,7.455796662217787,NYCU,-87,F4:2E:7F:D2:C6:C2
43.542,1.626484487203274,7.455796662217787,NYCU,-89,F4:2E:7F:D4:D4:02
43.547,1.626484487203274,7.455796662217787,ARA_Public,-90,DA:5F:E5:C9:A6:52
43.552,1.626484487203274,7.455796662217787,arai,-90,DA:5F:E5:C9:A6:51
43.614,1.626484487203274,7.455796662217787,LAB539,-91,08:BF:B8:67:9F:B0
47.616,1.1100314898912258,7.1860589100820755,JacksoniPhone,-48,DA:9A:F3:00:FF:3E
47.624,1.1100314898912258,7.1860589100820755,DIRECT-34-HP M283 LaserJet,-53,AA:3B:76:CB:18:34
47.629,1.1100314898912258,7.1860589100820755,D-Link_DIR-612,-54,48:EE:0C:A9:21:B0
47.634,1.1100314898912258,7.1860589100820755,LAB337_EX(2.4G),-63,34:97:F6:A6:80:40
47.639,1.1100314898912258,7.1860589100820755,NYCU,-64,F4:2E:7F:D3:10:82
47.644,1.1100314898912258,7.1860589100820755,eduroam,-64,F4:2E:7F:D3:10:80
47.649,1.1100314898912258,7.1860589100820755,LAB334,-64,10:27:F5:E0:85:37
47.653,1.1100314898912258,7.1860589100820755,NYCU-Guest,-65,F4:2E:7F:D3:10:83
47.658,1.1100314898912258,7.1860589100820755,NYCU-Seminar,-66,F4:2E:7F:D3:10:84
47.663,1.1100314898912258,7.1860589100820755,BMELab,-67,AC:9E:17:79:CE:50
47.714,1.1100314898912258,7.1860589100820755,NYCU,-72,F4:2E:7F:D2:93:A2
47.721,1.1100314898912258,7.1860589100820755,NYCU-Guest,-72,F4:2E:7F:D2:93:A3
47.728,1.1100314898912258,7.1860589100820755,NYCU-Seminar,-72,F4:2E:7F:D2:93:A4
47.733,1.1100314898912258,7.1860589100820755,eduroam,-74,F4:2E:7F:D2:93:A0
47.737,1.1100314898912258,7.1860589100820755,BMELabIII,-74,14:DA:E9:80:B0:34
47.742,1.1100314898912258,7.1860589100820755,AIUVL,-74,10:7C:61:DA:BF:A6
47.747,1.1100314898912258,7.1860589100820755,LAB335-1,-75,40:86:CB:DF:DB:C8
47.752,1.1100314898912258,7.1860589100820755,PM2.5_Setup_E4,-75,74:DA:38:C7:D3:E5
47.757,1.1100314898912258,7.1860589100820755,APL_ASUS,-76,10:C3:7B:C5:F8:00
47.816,1.1100314898912258,7.1860589100820755,DIRECT-c1-HP M141 LaserJet,-76,5E:60:BA:43:7D:C1
47.824,1.1100314898912258,7.1860589100820755,WYTN_RD-LAB,-80,A8:5E:45:9A:82:60
47.829,1.1100314898912258,7.1860589100820755,DIRECT-3E-HP Color LJ 4303,-80,BE:0F:F3:F6:CA:3E
47.834,1.1100314898912258,7.1860589100820755,DIRECT-21-HP M148 LaserJet,-82,4E:EB:BD:6F:E7:21
47.839,1.1100314898912258,7.1860589100820755,Lab542,-83,A0:36:BC:0E:7A:B8
47.844,1.1100314898912258,7.1860589100820755,WYTN_RD-Meeting,-87,A8:5E:45:9A:73:80
47.849,1.1100314898912258,7.1860589100820755,DIRECT-524ABFA7,-87,3A:1A:52:4A:3F:A7
47.853,1.1100314898912258,7.1860589100820755,WYTN_RD,-88,A8:5E:45:9A:73:F8
47.858,1.1100314898912258,7.1860589100820755,arai,-89,DA:5F:E5:C9:A6:51
47.863,1.1100314898912258,7.1860589100820755,ARA_Public,-91,DA:5F:E5:C9:A6:52
51.918,1.1333201041892569,7.477155382687508,JacksoniPhone,-54,DA:9A:F3:00:FF:3E
51.925,1.1333201041892569,7.477155382687508,DIRECT-34-HP M283 LaserJet,-55,AA:3B:76:CB:18:34
51.930,1.1333201041892569,7.477155382687508,LAB337_EX(2.4G),-57,34:97:F6:A6:80:40
51.934,1.1333201041892569,7.477155382687508,ASUS_A8_2G,-57,F0:2F:74:E2:C4:A8
51.939,1.1333201041892569,7.477155382687508,LAB334,-63,10:27:F5:E0:85:37
51.944,1.1333201041892569,7.477155382687508,D-Link_DIR-612,-64,48:EE:0C:A9:21:B0
51.949,1.1333201041892569,7.477155382687508,BMELabIII,-66,14:DA:E9:80:B0:34
51.953,1.1333201041892569,7.477155382687508,AIUVL,-70,10:7C:61:DA:BF:A6
51.958,1.1333201041892569,7.477155382687508,BMELab,-73,AC:9E:17:79:CE:50
51.963,1.1333201041892569,7.477155382687508,eduroam,-74,F4:2E:7F:D3:10:80
51.967,1.1333201041892569,7.477155382687508,NYCU,-74,F4:2E:7F:D3:10:82
52.015,1.1333201041892569,7.477155382687508,NYCU-Guest,-74,F4:2E:7F:D3:10:83
52.023,1.1333201041892569,7.477155382687508,NYCU-Seminar,-74,F4:2E:7F:D3:10:84
52.027,1.1333201041892569,7.477155382687508,WYTN_RD-LAB,-74,A8:5E:45:9A:82:60
52.032,1.1333201041892569,7.477155382687508,APL_ASUS,-74,10:C3:7B:C5:F8:00
52.037,1.1333201041892569,7.477155382687508,DIRECT-3E-HP Color LJ 4303,-75,BE:0F:F3:F6:CA:3E
52.042,1.1333201041892569,7.477155382687508,DIRECT-524ABFA7,-78,3A:1A:52:4A:3F:A7
52.047,1.1333201041892569,7.477155382687508,WYTN_RD-Meeting,-79,A8:5E:45:9A:73:80
52.051,1.1333201041892569,7.477155382687508,Lab542,-81,A0:36:BC:0E:7A:B8
52.056,1.1333201041892569,7.477155382687508,WYTN_RD,-85,A8:5E:45:9A:73:F8
52.113,1.1333201041892569,7.477155382687508,DIRECT-21-HP M148 LaserJet,-86,4E:EB:BD:6F:E7:21
52.122,1.1333201041892569,7.477155382687508,PM2.5_Setup_E4,-86,74:DA:38:C7:D3:E5
52.128,1.1333201041892569,7.477155382687508,arai2,-88,DA:E3:E5:C9:A9:E4
52.133,1.1333201041892569,7.477155382687508,ARA_Public,-89,DA:E3:E5:C9:A9:E7
52.137,1.1333201041892569,7.477155382687508,eduroam,-89,F4:2E:7F:D2:93:A0
52.142,1.1333201041892569,7.477155382687508,CHT Wi-Fi(HiNet),-89,10:62:EB:C4:48:21
52.147,1.1333201041892569,7.477155382687508,NYCU-Seminar,-90,F4:2E:7F:D2:93:A4
52.152,1.1333201041892569,7.477155382687508,.1.Free Wi-Fi,-90,10:62:EB:C4:48:23
52.157,1.1333201041892569,7.477155382687508,nctu_gofar,-90,68:FF:7B:90:57:B2
52.161,1.1333201041892569,7.477155382687508,LAB539,-93,08:BF:B8:67:9F:B0
56.019,0.8299180781533916,7.904780952885983,ASUS_A8_2G,-49,F0:2F:74:E2:C4:A8
56.025,0.8299180781533916,7.904780952885983,DIRECT-34-HP M283 LaserJet,-56,AA:3B:76:CB:18:34
56.031,0.8299180781533916,7.904780952885983,D-Link_DIR-612,-65,48:EE:0C:A9:21:B0
56.035,0.8299180781533916,7.904780952885983,NYCU-Guest,-65,F4:2E:7F:D3:10:83
56.041,0.8299180781533916,7.904780952885983,NYCU-Seminar,-65,F4:2E:7F:D3:10:84
56.045,0.8299180781533916,7.904780952885983,LAB337_EX(2.4G),-66,34:97:F6:A6:80:40
56.050,0.8299180781533916,7.904780952885983,BMELab,-66,AC:9E:17:79:CE:50
56.055,0.8299180781533916,7.904780952885983,eduroam,-67,F4:2E:7F:D3:10:80
56.060,0.8299180781533916,7.904780952885983,NYCU,-67,F4:2E:7F:D3:10:82
56.065,0.8299180781533916,7.904780952885983,JacksoniPhone,-67,DA:9A:F3:00:FF:3E
56.069,0.8299180781533916,7.904780952885983,APL_ASUS,-69,10:C3:7B:C5:F8:00
56.074,0.8299180781533916,7.904780952885983,LAB334,-70,10:27:F5:E0:85:37
56.079,0.8299180781533916,7.904780952885983,BMELabIII,-71,14:DA:E9:80:B0:34
56.084,0.8299180781533916,7.904780952885983,DIRECT-3E-HP Color LJ 4303,-79,BE:0F:F3:F6:CA:3E
56.088,0.8299180781533916,7.904780952885983,WYTN_RD-LAB,-80,A8:5E:45:9A:82:60
56.093,0.8299180781533916,7.904780952885983,PM2.5_Setup_E4,-82,74:DA:38:C7:D3:E5
56.098,0.8299180781533916,7.904780952885983,WYTN_RD-Meeting,-84,A8:5E:45:9A:73:80
56.103,0.8299180781533916,7.904780952885983,NYCU-Seminar,-85,F4:2E:7F:D2:93:A4
56.108,0.8299180781533916,7.904780952885983,eduroam,-85,F4:2E:7F:D2:93:A0
56.112,0.8299180781533916,7.904780952885983,NYCU,-88,F4:2E:7F:D2:93:A2
56.117,0.8299180781533916,7.904780952885983,NYCU-Guest,-88,F4:2E:7F:D2:93:A3
56.217,0.8372317516114292,7.954813387942904,.1.Free Wi-Fi,-89,10:62:EB:C4:48:23
56.223,0.8372317516114292,7.954813387942904,Lab542,-90,A0:36:BC:0E:7A:B8
60.218,1.1011994384789636,8.312678440447561,D-Link_DIR-612,-51,48:EE:0C:A9:21:B0
60.225,1.1011994384789636,8.312678440447561,JacksoniPhone,-53,DA:9A:F3:00:FF:3E
60.230,1.1011994384789636,8.312678440447561,DIRECT-34-HP M283 LaserJet,-54,AA:3B:76:CB:18:34
60.234,1.1011994384789636,8.312678440447561,ASUS_A8_2G,-57,F0:2F:74:E2:C4:A8
60.239,1.1011994384789636,8.312678440447561,LAB337_EX(2.4G),-59,34:97:F6:A6:80:40
60.244,1.1011994384789636,8.312678440447561,AIUVL,-68,10:7C:61:DA:BF:A6
60.249,1.1011994384789636,8.312678440447561,BMELab,-70,AC:9E:17:79:CE:50
60.254,1.1011994384789636,8.312678440447561,eduroam,-73,F4:2E:7F:D3:10:80
60.259,1.1011994384789636,8.312678440447561,WYTN_RD-LAB,-73,A8:5E:45:9A:82:60
60.263,1.1011994384789636,8.312678440447561,NYCU-Guest,-74,F4:2E:7F:D3:10:83
60.268,1.1011994384789636,8.312678440447561,NYCU-Seminar,-74,F4:2E:7F:D3:10:84
60.273,1.1011994384789636,8.312678440447561,LAB335-1,-74,40:86:CB:DF:DB:C8
60.277,1.1011994384789636,8.312678440447561,NYCU,-75,F4:2E:7F:D3:10:82
60.282,1.1011994384789636,8.312678440447561,BMELabIII,-75,14:DA:E9:80:B0:34
60.287,1.1011994384789636,8.312678440447561,Lab542,-78,A0:36:BC:0E:7A:B8
60.314,1.1011994384789636,8.312678440447561,NYCU-Guest,-79,F4:2E:7F:D2:93:A3
60.321,1.1011994384789636,8.312678440447561,DIRECT-c1-HP M141 LaserJet,-79,5E:60:BA:43:7D:C1
60.328,1.1011994384789636,8.312678440447561,APL_ASUS,-80,10:C3:7B:C5:F8:00
60.333,1.1011994384789636,8.312678440447561,DIRECT-3E-HP Color LJ 4303,-80,BE:0F:F3:F6:CA:3E
60.337,1.1011994384789636,8.312678440447561,NYCU-Seminar,-81,F4:2E:7F:D2:93:A4
60.414,1.1011994384789636,8.312678440447561,NYCU,-82,F4:2E:7F:D2:93:A2
60.422,1.1011994384789636,8.312678440447561,LAB334,-83,10:27:F5:E0:85:37
60.427,1.1011994384789636,8.312678440447561,WYTN_RD,-84,A8:5E:45:9A:73:F8
60.432,1.1011994384789636,8.312678440447561,DIRECT-524ABFA7,-85,3A:1A:52:4A:3F:A7
60.437,1.1011994384789636,8.312678440447561,PM2.5_Setup_E4,-87,74:DA:38:C7:D3:E5
60.442,1.1011994384789636,8.312678440447561,WYTN_RD-Meeting,-89,A8:5E:45:9A:73:80
60.447,1.1011994384789636,8.312678440447561,CHT Wi-Fi(HiNet),-90,10:62:EB:C4:48:21
60.451,1.1011994384789636,8.312678440447561,.1.Free Wi-Fi,-90,10:62:EB:C4:48:23
60.456,1.1011994384789636,8.312678440447561,LAB539,-91,08:BF:B8:67:9F:B0
64.516,1.3583024653901556,8.374471714381814,DIRECT-34-HP M283 LaserJet,-51,AA:3B:76:CB:18:34
64.523,1.3583024653901556,8.374471714381814,ASUS_A8_2G,-61,F0:2F:74:E2:C4:A8
64.529,1.3583024653901556,8.374471714381814,LAB334,-64,10:27:F5:E0:85:37
64.533,1.3583024653901556,8.374471714381814,LAB337_EX(2.4G),-64,34:97:F6:A6:80:40
64.538,1.3583024653901556,8.374471714381814,D-Link_DIR-612,-65,48:EE:0C:A9:21:B0
64.543,1.3583024653901556,8.374471714381814,AIUVL,-65,10:7C:61:DA:BF:A6
64.548,1.3583024653901556,8.374471714381814,BMELab,-66,AC:9E:17:79:CE:50
64.553,1.3583024653901556,8.374471714381814,NYCU-Guest,-67,F4:2E:7F:D3:10:83
64.558,1.3583024653901556,8.374471714381814,NYCU-Seminar,-67,F4:2E:7F:D3:10:84
64.562,1.3583024653901556,8.374471714381814,BMELabIII,-68,14:DA:E9:80:B0:34
64.568,1.3583024653901556,8.374471714381814,eduroam,-69,F4:2E:7F:D3:10:80
64.572,1.3583024653901556,8.374471714381814,NYCU,-69,F4:2E:7F:D3:10:82
64.577,1.3583024653901556,8.374471714381814,JacksoniPhone,-70,DA:9A:F3:00:FF:3E
64.582,1.3583024653901556,8.374471714381814,APL_ASUS,-71,10:C3:7B:C5:F8:00
64.587,1.3583024653901556,8.374471714381814,eduroam,-78,F4:2E:7F:D2:93:A0
64.592,1.3583024653901556,8.374471714381814,NYCU,-78,F4:2E:7F:D2:93:A2
64.597,1.3583024653901556,8.374471714381814,NYCU-Guest,-78,F4:2E:7F:D2:93:A3
64.612,1.3583024653901556,8.374471714381814,NYCU-Seminar,-78,F4:2E:7F:D2:93:A4
64.621,1.3583024653901556,8.374471714381814,LAB335-1,-78,40:86:CB:DF:DB:C8
64.627,1.3583024653901556,8.374471714381814,DIRECT-c1-HP M141 LaserJet,-78,5E:60:BA:43:7D:C1
64.717,1.3583024653901556,8.374471714381814,DIRECT-3E-HP Color LJ 4303,-81,BE:0F:F3:F6:CA:3E
64.723,1.3583024653901556,8.374471714381814,DIRECT-524ABFA7,-83,3A:1A:52:4A:3F:A7
64.729,1.3583024653901556,8.374471714381814,PM2.5_Setup_E4,-83,74:DA:38:C7:D3:E5
64.734,1.3583024653901556,8.374471714381814,WYTN_RD,-84,A8:5E:45:9A:73:F8
64.739,1.3583024653901556,8.374471714381814,arai,-85,D8:EC:E5:C9:A9:E3
64.744,1.3583024653901556,8.374471714381814,Lab542,-86,A0:36:BC:0E:7A:B8
64.748,1.3583024653901556,8.374471714381814,.1.Free Wi-Fi,-90,10:62:EB:C4:48:23
64.753,1.3583024653901556,8.374471714381814,CHT Wi-Fi(HiNet),-90,1C:5F:2B:25:10:01
64.758,1.3583024653901556,8.374471714381814,.1.Free Wi-Fi,-93,1C:5F:2B:25:10:03
68.814,1.6425285388573276,8.508026539929096,DIRECT-34-HP M283 LaserJet,-52,AA:3B:76:CB:18:34
68.821,1.6425285388573276,8.508026539929096,ASUS_A8_2G,-57,F0:2F:74:E2:C4:A8
68.826,1.6425285388573276,8.508026539929096,LAB334,-66,10:27:F5:E0:85:37
68.832,1.6425285388573276,8.508026539929096,LAB337_EX(2.4G),-66,34:97:F6:A6:80:40
68.836,1.6425285388573276,8.508026539929096,AIUVL,-67,10:7C:61:DA:BF:A6
68.841,1.6425285388573276,8.508026539929096,BMELab,-67,AC:9E:17:79:CE:50
68.846,1.6425285388573276,8.508026539929096,NYCU,-69,F4:2E:7F:D3:10:82
68.851,1.6425285388573276,8.508026539929096,eduroam,-70,F4:2E:7F:D3:10:80
68.856,1.6425285388573276,8.508026539929096,D-Link_DIR-612,-70,48:EE:0C:A9:21:B0
68.860,1.6425285388573276,8.508026539929096,NYCU-Seminar,-73,F4:2E:7F:D3:10:84
68.865,1.6425285388573276,8.508026539929096,DIRECT-c1-HP M141 LaserJet,-73,5E:60:BA:43:7D:C1
68.870,1.6425285388573276,8.508026539929096,JacksoniPhone,-74,DA:9A:F3:00:FF:3E
68.875,1.6425285388573276,8.508026539929096,NYCU-Guest,-75,F4:2E:7F:D3:10:83
68.880,1.6425285388573276,8.508026539929096,BMELabIII,-75,14:DA:E9:80:B0:34
68.884,1.6425285388573276,8.508026539929096,PM2.5_Setup_E4,-76,74:DA:38:C7:D3:E5
68.889,1.6425285388573276,8.508026539929096,eduroam,-77,F4:2E:7F:D2:93:A0
68.894,1.6425285388573276,8.508026539929096,NYCU-Seminar,-77,F4:2E:7F:D2:93:A4
68.899,1.6425285388573276,8.508026539929096,NYCU,-78,F4:2E:7F:D2:93:A2
68.912,1.6425285388573276,8.508026539929096,NYCU-Guest,-78,F4:2E:7F:D2:93:A3
69.015,1.6425285388573276,8.508026539929096,DIRECT-524ABFA7,-78,3A:1A:52:4A:3F:A7
69.023,1.6425285388573276,8.508026539929096,DIRECT-3E-HP Color LJ 4303,-80,BE:0F:F3:F6:CA:3E
69.028,1.6425285388573276,8.508026539929096,APL_ASUS,-81,10:C3:7B:C5:F8:00
69.033,1.6425285388573276,8.508026539929096,Lab542,-81,A0:36:BC:0E:7A:B8
69.038,1.6425285388573276,8.508026539929096,WYTN_RD-LAB,-82,A8:5E:45:9A:82:60
69.043,1.6425285388573276,8.508026539929096,LAB335-1,-82,40:86:CB:DF:DB:C8
69.048,1.6425285388573276,8.508026539929096,312,-87,08:BF:B8:7A:DD:08
69.053,1.6425285388573276,8.508026539929096,CHT Wi-Fi(HiNet),-92,1C:5F:2B:25:10:01
