path_id,x,y,z,r,g,b
2,-2.57,1.18,0.0,0.0,1.0,0.0
2,-2.52,1.21,0.0,0.0,1.0,0.0
2,-2.47,1.2,0.0,0.0,1.0,0.0
2,-2.48,1.22,0.0,0.0,1.0,0.0
2,-2.72,1.13,0.0,0.0,1.0,0.0
2,-3.21,0.93,0.0,0.0,1.0,0.0
2,-3.45,0.81,0.0,0.0,1.0,0.0
2,-3.68,0.7,0.0,0.0,1.0,0.0
2,-3.94,0.49,0.0,0.0,1.0,0.0
2,-4.02,-0.28,0.0,0.0,1.0,0.0
2,-3.97,-0.56,0.0,0.0,1.0,0.0
2,-3.93,-0.73,0.0,0.0,1.0,0.0
3,-3.63,-1.0,0.0,0.0,0.0,1.0
3,-3.63,-1.0,0.0,0.0,0.0,1.0
3,-3.63,-1.0,0.0,0.0,0.0,1.0
3,-3.63,-1.0,0.0,0.0,0.0,1.0
3,-3.63,-1.0,0.0,0.0,0.0,1.0
3,-3.63,-1.0,0.0,0.0,0.0,1.0
3,-3.63,-1.0,0.0,0.0,0.0,1.0
3,-3.63,-1.0,0.0,0.0,0.0,1.0
3,-3.63,-1.0,0.0,0.0,0.0,1.0
3,-3.63,-1.0,0.0,0.0,0.0,1.0
3,-3.57,-1.0,0.0,0.0,0.0,1.0
3,-3.26,-0.67,0.0,0.0,0.0,1.0
3,-3.08,-0.52,0.0,0.0,0.0,1.0
3,-2.56,-0.33,0.0,0.0,0.0,1.0
3,-2.17,-0.45,0.0,0.0,0.0,1.0
3,-1.7,-0.71,0.0,0.0,0.0,1.0
3,-1.44,-0.57,0.0,0.0,0.0,1.0
3,-1.4,-0.13,0.0,0.0,0.0,1.0
3,-1.66,0.16,0.0,0.0,0.0,1.0
3,-1.86,0.36,0.0,0.0,0.0,1.0
4,-2.04,0.99,0.0,1.0,1.0,0.0
4,-2.04,0.99,0.0,1.0,1.0,0.0
4,-2.04,0.99,0.0,1.0,1.0,0.0
4,-2.04,0.99,0.0,1.0,1.0,0.0
4,-2.04,0.99,0.0,1.0,1.0,0.0
4,-2.04,0.99,0.0,1.0,1.0,0.0
4,-2.04,0.99,0.0,1.0,1.0,0.0
4,-1.99,1.28,0.0,1.0,1.0,0.0
4,-1.99,1.94,0.0,1.0,1.0,0.0
4,-2.08,2.09,0.0,1.0,1.0,0.0
4,-2.3,2.32,0.0,1.0,1.0,0.0
4,-2.51,2.44,0.0,1.0,1.0,0.0
4,-2.93,2.67,0.0,1.0,1.0,0.0
4,-3.19,2.91,0.0,1.0,1.0,0.0
4,-3.17,3.32,0.0,1.0,1.0,0.0
4,-3.05,3.53,0.0,1.0,1.0,0.0
4,-3.04,3.8,0.0,1.0,1.0,0.0
5,-3.0,4.06,0.0,1.0,0.0,1.0
5,-3.0,4.06,0.0,1.0,0.0,1.0
5,-3.3,4.71,0.0,1.0,0.0,1.0
5,-3.36,4.91,0.0,1.0,0.0,1.0
5,-3.08,5.3,0.0,1.0,0.0,1.0
5,-2.69,5.5,0.0,1.0,0.0,1.0
5,-2.47,5.87,0.0,1.0,0.0,1.0
5,-2.29,6.63,0.0,1.0,0.0,1.0
6,-3.45,7.87,0.0,0.0,1.0,1.0
6,-3.63,8.06,0.0,0.0,1.0,1.0
6,-3.82,8.23,0.0,0.0,1.0,1.0
6,-3.77,8.94,0.0,0.0,1.0,1.0
6,-3.39,9.1,0.0,0.0,1.0,1.0
6,-2.84,9.16,0.0,0.0,1.0,1.0
6,-2.53,9.28,0.0,0.0,1.0,1.0
6,-2.39,9.56,0.0,0.0,1.0,1.0
6,-2.45,9.83,0.0,0.0,1.0,1.0
6,-2.74,10.24,0.0,0.0,1.0,1.0
6,-3.39,10.52,0.0,0.0,1.0,1.0
6,-3.74,10.51,0.0,0.0,1.0,1.0
6,-4.02,10.28,0.0,0.0,1.0,1.0
7,-3.42,9.42,0.0,0.5,0.0,0.0
7,-3.14,9.43,0.0,0.5,0.0,0.0
7,-2.7,9.55,0.0,0.5,0.0,0.0
7,-2.7,9.98,0.0,0.5,0.0,0.0
7,-3.02,10.4,0.0,0.5,0.0,0.0
7,-3.24,10.57,0.0,0.5,0.0,0.0
7,-3.32,10.82,0.0,0.5,0.0,0.0
7,-3.22,11.07,0.0,0.5,0.0,0.0
7,-2.5,11.09,0.0,0.5,0.0,0.0
7,-2.53,10.71,0.0,0.5,0.0,0.0
8,-3.05,10.29,0.0,0.0,0.5,0.0
8,-3.34,10.06,0.0,0.0,0.5,0.0
8,-3.62,9.85,0.0,0.0,0.5,0.0
8,-3.89,9.65,0.0,0.0,0.5,0.0
8,-4.14,9.24,0.0,0.0,0.5,0.0
8,-4.1,8.9,0.0,0.0,0.5,0.0
8,-3.37,8.58,0.0,0.0,0.5,0.0
8,-2.82,8.76,0.0,0.0,0.5,0.0
8,-2.58,9.09,0.0,0.0,0.5,0.0
8,-2.4,9.98,0.0,0.0,0.5,0.0
8,-2.33,10.17,0.0,0.0,0.5,0.0
8,-2.22,10.35,0.0,0.0,0.5,0.0
9,-1.79,11.08,0.0,0.0,0.0,0.5
9,-2.07,11.58,0.0,0.0,0.0,0.5
9,-2.14,11.57,0.0,0.0,0.0,0.5
9,-2.14,11.57,0.0,0.0,0.0,0.5
9,-2.14,11.57,0.0,0.0,0.0,0.5
9,-2.34,11.58,0.0,0.0,0.0,0.5
9,-2.61,11.29,0.0,0.0,0.0,0.5
9,-2.55,11.06,0.0,0.0,0.0,0.5
9,-2.35,10.95,0.0,0.0,0.0,0.5
9,-2.11,10.97,0.0,0.0,0.0,0.5
9,-1.85,11.2,0.0,0.0,0.0,0.5
9,-1.67,11.39,0.0,0.0,0.0,0.5
9,-1.33,11.76,0.0,0.0,0.0,0.5
9,-1.08,12.2,0.0,0.0,0.0,0.5
9,-1.08,12.2,0.0,0.0,0.0,0.5
9,-1.08,12.2,0.0,0.0,0.0,0.5
9,-1.16,12.45,0.0,0.0,0.0,0.5
10,-1.27,12.88,0.0,0.5,0.5,0.0
10,-1.27,12.88,0.0,0.5,0.5,0.0
10,-1.27,12.88,0.0,0.5,0.5,0.0
10,-1.27,12.88,0.0,0.5,0.5,0.0
10,-1.33,13.09,0.0,0.5,0.5,0.0
10,-1.51,13.46,0.0,0.5,0.5,0.0
10,-1.43,13.68,0.0,0.5,0.5,0.0
10,-1.38,13.73,0.0,0.5,0.5,0.0
10,-1.39,13.55,0.0,0.5,0.5,0.0
10,-1.29,13.35,0.0,0.5,0.5,0.0
10,-1.13,13.3,0.0,0.5,0.5,0.0
10,-0.88,13.34,0.0,0.5,0.5,0.0
10,-0.66,13.75,0.0,0.5,0.5,0.0
10,-0.78,14.04,0.0,0.5,0.5,0.0
10,-0.85,14.1,0.0,0.5,0.5,0.0
11,-2.22,11.76,0.0,0.5,0.0,0.5
11,-2.22,11.76,0.0,0.5,0.0,0.5
11,-2.22,11.76,0.0,0.5,0.0,0.5
11,-2.22,11.76,0.0,0.5,0.0,0.5
11,-2.22,11.76,0.0,0.5,0.0,0.5
11,-2.22,11.76,0.0,0.5,0.0,0.5
11,-2.22,11.76,0.0,0.5,0.0,0.5
11,-2.1,11.76,0.0,0.5,0.0,0.5
11,-2.1,11.76,0.0,0.5,0.0,0.5
11,-2.1,11.76,0.0,0.5,0.0,0.5
11,-2.1,11.76,0.0,0.5,0.0,0.5
11,-2.1,11.76,0.0,0.5,0.0,0.5
11,-2.1,11.76,0.0,0.5,0.0,0.5
11,-2.1,11.76,0.0,0.5,0.0,0.5
11,-2.1,11.76,0.0,0.5,0.0,0.5
11,-2.1,11.76,0.0,0.5,0.0,0.5
11,-2.1,11.76,0.0,0.5,0.0,0.5
11,-2.1,11.76,0.0,0.5,0.0,0.5
11,-2.1,11.76,0.0,0.5,0.0,0.5
11,-2.1,11.76,0.0,0.5,0.0,0.5
11,-2.1,11.76,0.0,0.5,0.0,0.5
11,-2.1,11.76,0.0,0.5,0.0,0.5
11,-2.1,11.76,0.0,0.5,0.0,0.5
11,-2.1,11.76,0.0,0.5,0.0,0.5
11,-2.1,11.76,0.0,0.5,0.0,0.5
12,-2.1,11.76,0.0,0.0,0.5,0.5
12,-2.1,11.76,0.0,0.0,0.5,0.5
12,-2.1,11.76,0.0,0.0,0.5,0.5
12,-2.1,11.76,0.0,0.0,0.5,0.5
12,-2.1,11.76,0.0,0.0,0.5,0.5
12,-3.55,11.22,0.0,0.0,0.5,0.5
12,-3.55,11.22,0.0,0.0,0.5,0.5
12,-3.47,11.37,0.0,0.0,0.5,0.5
12,-3.52,11.4,0.0,0.0,0.5,0.5
12,-3.54,11.4,0.0,0.0,0.5,0.5
12,-3.54,11.4,0.0,0.0,0.5,0.5
12,-3.19,11.47,0.0,0.0,0.5,0.5
12,-2.85,11.54,0.0,0.0,0.5,0.5
12,-2.53,11.62,0.0,0.0,0.5,0.5
12,-2.53,11.62,0.0,0.0,0.5,0.5
12,-2.21,11.72,0.0,0.0,0.5,0.5
12,-1.93,11.8,0.0,0.0,0.5,0.5
12,-1.68,11.89,0.0,0.0,0.5,0.5
12,-1.25,12.19,0.0,0.0,0.5,0.5
12,-1.29,12.28,0.0,0.0,0.5,0.5
13,-1.25,12.61,0.0,1.0,0.5,0.0
13,-1.25,12.61,0.0,1.0,0.5,0.0
13,-1.32,12.89,0.0,1.0,0.5,0.0
13,-1.39,13.18,0.0,1.0,0.5,0.0
13,-1.39,13.18,0.0,1.0,0.5,0.0
13,-1.53,13.78,0.0,1.0,0.5,0.0
13,-1.52,13.81,0.0,1.0,0.5,0.0
13,-1.44,14.07,0.0,1.0,0.5,0.0
13,-1.29,14.28,0.0,1.0,0.5,0.0
13,-0.91,14.26,0.0,1.0,0.5,0.0
13,-0.83,14.15,0.0,1.0,0.5,0.0
13,-0.66,13.73,0.0,1.0,0.5,0.0
14,-0.34,13.74,0.0,0.5,1.0,0.0
14,-0.19,13.89,0.0,0.5,1.0,0.0
14,0.08,14.3,0.0,0.5,1.0,0.0
14,0.48,14.4,0.0,0.5,1.0,0.0
14,0.83,14.25,0.0,0.5,1.0,0.0
14,1.06,14.05,0.0,0.5,1.0,0.0
14,1.31,13.86,0.0,0.5,1.0,0.0
14,1.58,13.75,0.0,0.5,1.0,0.0
14,1.71,13.72,0.0,0.5,1.0,0.0
14,1.97,13.76,0.0,0.5,1.0,0.0
14,2.26,13.72,0.0,0.5,1.0,0.0
15,2.56,13.49,0.0,0.0,1.0,0.5
15,2.56,13.49,0.0,0.0,1.0,0.5
15,2.56,13.49,0.0,0.0,1.0,0.5
15,2.71,13.24,0.0,0.0,1.0,0.5
15,2.81,13.01,0.0,0.0,1.0,0.5
15,2.67,12.48,0.0,0.0,1.0,0.5
15,2.43,12.3,0.0,0.0,1.0,0.5
15,1.74,12.45,0.0,0.0,1.0,0.5
15,1.7,12.72,0.0,0.0,1.0,0.5
15,1.74,12.87,0.0,0.0,1.0,0.5
15,1.92,13.12,0.0,0.0,1.0,0.5
15,1.95,13.38,0.0,0.0,1.0,0.5
15,1.85,13.61,0.0,0.0,1.0,0.5
15,1.63,13.72,0.0,0.0,1.0,0.5
16,1.33,13.59,0.0,0.5,0.0,1.0
16,1.33,13.59,0.0,0.5,0.0,1.0
16,1.03,13.35,0.0,0.5,0.0,1.0
16,0.8,13.34,0.0,0.5,0.0,1.0
16,0.63,13.54,0.0,0.5,0.0,1.0
16,0.69,13.78,0.0,0.5,0.0,1.0
16,0.95,13.82,0.0,0.5,0.0,1.0
16,1.07,13.67,0.0,0.5,0.0,1.0
16,0.37,13.24,0.0,0.5,0.0,1.0
16,0.16,13.29,0.0,0.5,0.0,1.0
16,-0.3,13.61,0.0,0.5,0.0,1.0
16,-0.32,13.92,0.0,0.5,0.0,1.0
16,-0.17,14.21,0.0,0.5,0.0,1.0
17,0.24,14.27,0.0,1.0,0.0,0.5
17,0.24,14.27,0.0,1.0,0.0,0.5
17,0.24,14.27,0.0,1.0,0.0,0.5
17,0.86,14.02,0.0,1.0,0.0,0.5
17,1.16,13.89,0.0,1.0,0.0,0.5
17,1.73,13.59,0.0,1.0,0.0,0.5
17,1.83,13.31,0.0,1.0,0.0,0.5
17,1.76,12.99,0.0,1.0,0.0,0.5
17,1.38,12.83,0.0,1.0,0.0,0.5
17,1.15,12.96,0.0,1.0,0.0,0.5
17,1.1,13.03,0.0,1.0,0.0,0.5
17,0.6,13.62,0.0,1.0,0.0,0.5
18,0.12,13.68,0.0,0.0,0.5,1.0
18,-0.03,13.61,0.0,0.0,0.5,1.0
18,-0.27,13.43,0.0,0.0,0.5,1.0
18,-0.38,13.3,0.0,0.0,0.5,1.0
18,-0.38,13.3,0.0,0.0,0.5,1.0
18,-0.3,12.97,0.0,0.0,0.5,1.0
18,-0.67,12.96,0.0,0.0,0.5,1.0
18,-0.75,13.08,0.0,0.0,0.5,1.0
18,-0.78,13.25,0.0,0.0,0.5,1.0
18,-0.79,13.53,0.0,0.0,0.5,1.0
18,-0.96,13.85,0.0,0.0,0.5,1.0
18,-1.39,14.16,0.0,0.0,0.5,1.0
18,-1.58,14.15,0.0,0.0,0.5,1.0
18,-1.64,14.08,0.0,0.0,0.5,1.0
18,-1.6,13.85,0.0,0.0,0.5,1.0
18,-1.27,13.82,0.0,0.0,0.5,1.0
19,-0.33,14.19,0.0,0.25,0.75,0.25
19,-0.3,13.86,0.0,0.25,0.75,0.25
19,-0.47,13.55,0.0,0.25,0.75,0.25
19,-0.61,13.34,0.0,0.25,0.75,0.25
19,-0.77,13.12,0.0,0.25,0.75,0.25
19,-0.91,12.85,0.0,0.25,0.75,0.25
19,-0.93,12.68,0.0,0.25,0.75,0.25
19,-0.93,12.68,0.0,0.25,0.75,0.25
19,-0.93,12.68,0.0,0.25,0.75,0.25
19,-0.95,12.66,0.0,0.25,0.75,0.25
19,-1.42,13.27,0.0,0.25,0.75,0.25
19,-1.34,13.4,0.0,0.25,0.75,0.25
19,-1.23,13.51,0.0,0.25,0.75,0.25
19,-0.9,13.69,0.0,0.25,0.75,0.25
19,-0.66,13.72,0.0,0.25,0.75,0.25
19,-0.32,13.66,0.0,0.25,0.75,0.25
19,-0.09,13.57,0.0,0.25,0.75,0.25
19,0.14,13.46,0.0,0.25,0.75,0.25
19,0.62,13.21,0.0,0.25,0.75,0.25
19,0.89,13.08,0.0,0.25,0.75,0.25
20,1.58,12.77,0.0,0.75,0.25,0.25
20,1.58,12.77,0.0,0.75,0.25,0.25
20,1.58,12.77,0.0,0.75,0.25,0.25
20,1.91,12.64,0.0,0.75,0.25,0.25
20,2.16,12.64,0.0,0.75,0.25,0.25
20,2.27,12.81,0.0,0.75,0.25,0.25
20,2.25,12.96,0.0,0.75,0.25,0.25
20,2.08,13.31,0.0,0.75,0.25,0.25
20,1.97,13.41,0.0,0.75,0.25,0.25
20,1.28,13.5,0.0,0.75,0.25,0.25
20,1.06,13.32,0.0,0.75,0.25,0.25
20,1.04,13.07,0.0,0.75,0.25,0.25
20,1.36,12.82,0.0,0.75,0.25,0.25
21,2.08,12.48,0.0,0.25,0.25,0.75
21,2.08,12.48,0.0,0.25,0.25,0.75
21,2.08,12.48,0.0,0.25,0.25,0.75
21,2.13,12.23,0.0,0.25,0.25,0.75
21,2.37,11.9,0.0,0.25,0.25,0.75
21,2.55,11.96,0.0,0.25,0.25,0.75
21,2.6,12.04,0.0,0.25,0.25,0.75
21,2.61,12.24,0.0,0.25,0.25,0.75
21,2.31,12.17,0.0,0.25,0.25,0.75
21,2.31,11.95,0.0,0.25,0.25,0.75
21,2.37,11.88,0.0,0.25,0.25,0.75
21,2.54,11.61,0.0,0.25,0.25,0.75
21,2.62,11.26,0.0,0.25,0.25,0.75
21,2.42,10.84,0.0,0.25,0.25,0.75
21,2.17,10.82,0.0,0.25,0.25,0.75
21,1.97,10.91,0.0,0.25,0.25,0.75
22,1.54,11.2,0.0,0.75,0.75,0.25
22,1.54,11.2,0.0,0.75,0.75,0.25
22,1.54,11.2,0.0,0.75,0.75,0.25
22,1.53,11.22,0.0,0.75,0.75,0.25
22,1.27,11.22,0.0,0.75,0.75,0.25
22,0.9,11.29,0.0,0.75,0.75,0.25
22,0.73,11.5,0.0,0.75,0.75,0.25
22,0.79,11.68,0.0,0.75,0.75,0.25
22,0.9,11.8,0.0,0.75,0.75,0.25
22,1.28,11.9,0.0,0.75,0.75,0.25
22,1.38,12.06,0.0,0.75,0.75,0.25
22,1.3,12.37,0.0,0.75,0.75,0.25
22,1.1,12.42,0.0,0.75,0.75,0.25
22,1.03,12.4,0.0,0.75,0.75,0.25
22,0.77,12.32,0.0,0.75,0.75,0.25
23,0.53,12.01,0.0,0.75,0.25,0.75
23,0.53,12.01,0.0,0.75,0.25,0.75
23,0.53,12.01,0.0,0.75,0.25,0.75
23,0.53,12.01,0.0,0.75,0.25,0.75
23,0.77,11.81,0.0,0.75,0.25,0.75
23,0.77,11.81,0.0,0.75,0.25,0.75
23,0.96,11.63,0.0,0.75,0.25,0.75
23,1.21,11.49,0.0,0.75,0.25,0.75
23,1.46,11.32,0.0,0.75,0.25,0.75
23,1.74,11.17,0.0,0.75,0.25,0.75
23,2.34,10.56,0.0,0.75,0.25,0.75
23,2.52,10.25,0.0,0.75,0.25,0.75
23,2.54,10.21,0.0,0.75,0.25,0.75
23,2.54,10.21,0.0,0.75,0.25,0.75
24,2.84,10.97,0.0,0.25,0.75,0.75
24,2.84,10.97,0.0,0.25,0.75,0.75
24,2.84,10.97,0.0,0.25,0.75,0.75
24,2.86,11.26,0.0,0.25,0.75,0.75
24,2.68,11.72,0.0,0.25,0.75,0.75
24,2.38,11.94,0.0,0.25,0.75,0.75
24,2.2,12.2,0.0,0.25,0.75,0.75
24,2.15,12.34,0.0,0.25,0.75,0.75
24,2.16,12.6,0.0,0.25,0.75,0.75
24,2.31,12.79,0.0,0.25,0.75,0.75
24,2.5,13.16,0.0,0.25,0.75,0.75
24,2.49,13.51,0.0,0.25,0.75,0.75
24,2.37,13.65,0.0,0.25,0.75,0.75
24,1.99,13.76,0.0,0.25,0.75,0.75
24,1.79,13.59,0.0,0.25,0.75,0.75
25,1.77,13.36,0.0,0.6,0.3,0.0
25,1.77,13.36,0.0,0.6,0.3,0.0
25,1.77,13.36,0.0,0.6,0.3,0.0
25,1.77,13.36,0.0,0.6,0.3,0.0
25,1.87,13.12,0.0,0.6,0.3,0.0
25,1.97,12.86,0.0,0.6,0.3,0.0
25,1.97,12.86,0.0,0.6,0.3,0.0
25,2.09,12.6,0.0,0.6,0.3,0.0
25,2.21,12.36,0.0,0.6,0.3,0.0
25,2.35,12.11,0.0,0.6,0.3,0.0
25,2.46,11.87,0.0,0.6,0.3,0.0
25,2.46,11.87,0.0,0.6,0.3,0.0
25,2.67,11.33,0.0,0.6,0.3,0.0
25,2.77,11.03,0.0,0.6,0.3,0.0
25,2.86,10.77,0.0,0.6,0.3,0.0
25,2.86,10.77,0.0,0.6,0.3,0.0
25,2.97,10.47,0.0,0.6,0.3,0.0
25,3.07,10.18,0.0,0.6,0.3,0.0
25,3.08,9.85,0.0,0.6,0.3,0.0
26,2.83,9.04,0.0,0.3,0.6,0.0
26,2.83,9.04,0.0,0.3,0.6,0.0
26,2.83,9.04,0.0,0.3,0.6,0.0
26,2.83,9.04,0.0,0.3,0.6,0.0
26,2.97,8.8,0.0,0.3,0.6,0.0
26,3.11,8.57,0.0,0.3,0.6,0.0
26,3.11,8.57,0.0,0.3,0.6,0.0
26,3.37,8.2,0.0,0.3,0.6,0.0
26,3.52,8.09,0.0,0.3,0.6,0.0
26,4.28,8.05,0.0,0.3,0.6,0.0
26,4.51,8.2,0.0,0.3,0.6,0.0
26,4.78,8.33,0.0,0.3,0.6,0.0
26,5.26,7.94,0.0,0.3,0.6,0.0
26,4.98,7.72,0.0,0.3,0.6,0.0
27,4.45,7.98,0.0,0.0,0.3,0.6
27,4.45,7.98,0.0,0.0,0.3,0.6
27,4.45,7.98,0.0,0.0,0.3,0.6
27,4.24,8.13,0.0,0.0,0.3,0.6
27,4.03,8.31,0.0,0.0,0.3,0.6
27,3.82,8.47,0.0,0.0,0.3,0.6
27,3.33,8.82,0.0,0.0,0.3,0.6
27,3.15,8.86,0.0,0.0,0.3,0.6
27,2.78,8.84,0.0,0.0,0.3,0.6
27,2.62,8.76,0.0,0.0,0.3,0.6
27,2.52,8.63,0.0,0.0,0.3,0.6
27,2.44,8.29,0.0,0.0,0.3,0.6
27,2.51,8.11,0.0,0.0,0.3,0.6
27,2.59,8.01,0.0,0.0,0.3,0.6
27,2.95,7.76,0.0,0.0,0.3,0.6
27,3.13,7.69,0.0,0.0,0.3,0.6
27,3.28,7.7,0.0,0.0,0.3,0.6
27,3.45,7.7,0.0,0.0,0.3,0.6
28,3.94,7.89,0.0,0.6,0.0,0.3
28,4.11,7.91,0.0,0.6,0.0,0.3
28,4.17,7.92,0.0,0.6,0.0,0.3
28,4.25,7.93,0.0,0.6,0.0,0.3
28,4.44,8.34,0.0,0.6,0.0,0.3
28,4.21,8.37,0.0,0.6,0.0,0.3
28,4.15,8.34,0.0,0.6,0.0,0.3
28,4.01,8.24,0.0,0.6,0.0,0.3
28,3.77,7.96,0.0,0.6,0.0,0.3
28,3.59,7.8,0.0,0.6,0.0,0.3
28,3.28,7.63,0.0,0.6,0.0,0.3
28,2.97,7.63,0.0,0.6,0.0,0.3
28,2.78,7.71,0.0,0.6,0.0,0.3
28,2.61,8.0,0.0,0.6,0.0,0.3
28,2.64,8.32,0.0,0.6,0.0,0.3
28,2.89,8.59,0.0,0.6,0.0,0.3
28,3.1,8.65,0.0,0.6,0.0,0.3
28,3.3,8.61,0.0,0.6,0.0,0.3
29,3.64,8.31,0.0,0.3,0.0,0.6
29,3.84,8.04,0.0,0.3,0.0,0.6
29,4.1,7.8,0.0,0.3,0.0,0.6
29,4.34,7.59,0.0,0.3,0.0,0.6
29,4.49,7.51,0.0,0.3,0.0,0.6
29,4.98,7.21,0.0,0.3,0.0,0.6
29,5.09,6.86,0.0,0.3,0.0,0.6
29,4.97,6.61,0.0,0.3,0.0,0.6
29,4.97,6.61,0.0,0.3,0.0,0.6
29,4.73,6.21,0.0,0.3,0.0,0.6
29,4.7,6.0,0.0,0.3,0.0,0.6
29,4.84,5.76,0.0,0.3,0.0,0.6
30,5.53,5.3,0.0,0.0,0.6,0.3
30,5.41,5.1,0.0,0.0,0.6,0.3
30,5.31,5.03,0.0,0.0,0.6,0.3
30,5.25,4.99,0.0,0.0,0.6,0.3
30,5.15,5.09,0.0,0.0,0.6,0.3
30,5.1,5.23,0.0,0.0,0.6,0.3
30,5.1,5.58,0.0,0.0,0.6,0.3
30,5.14,5.76,0.0,0.0,0.6,0.3
30,5.14,5.76,0.0,0.0,0.6,0.3
30,5.29,6.05,0.0,0.0,0.6,0.3
30,5.38,6.3,0.0,0.0,0.6,0.3
30,5.28,6.54,0.0,0.0,0.6,0.3
30,4.96,6.63,0.0,0.0,0.6,0.3
30,4.79,6.56,0.0,0.0,0.6,0.3
30,4.59,6.34,0.0,0.0,0.6,0.3
30,4.56,6.13,0.0,0.0,0.6,0.3
30,4.86,5.78,0.0,0.0,0.6,0.3
30,4.86,5.78,0.0,0.0,0.6,0.3
30,5.16,5.68,0.0,0.0,0.6,0.3
31,5.5,5.54,0.0,0.9,0.4,0.1
31,5.5,5.54,0.0,0.9,0.4,0.1
31,5.5,5.54,0.0,0.9,0.4,0.1
31,5.28,4.96,0.0,0.9,0.4,0.1
31,5.07,4.99,0.0,0.9,0.4,0.1
31,4.94,5.09,0.0,0.9,0.4,0.1
31,4.65,5.24,0.0,0.9,0.4,0.1
31,4.51,5.04,0.0,0.9,0.4,0.1
31,4.56,4.91,0.0,0.9,0.4,0.1
31,4.67,4.84,0.0,0.9,0.4,0.1
31,4.78,4.81,0.0,0.9,0.4,0.1
31,4.95,4.78,0.0,0.9,0.4,0.1
31,5.28,4.71,0.0,0.9,0.4,0.1
31,5.4,4.64,0.0,0.9,0.4,0.1
32,5.4,4.64,0.0,0.4,0.9,0.1
32,5.2,4.16,0.0,0.4,0.9,0.1
32,5.2,4.16,0.0,0.4,0.9,0.1
32,5.2,4.16,0.0,0.4,0.9,0.1
32,4.98,4.65,0.0,0.4,0.9,0.1
32,5.03,4.77,0.0,0.4,0.9,0.1
32,5.06,4.65,0.0,0.4,0.9,0.1
32,4.86,4.5,0.0,0.4,0.9,0.1
32,4.0,4.58,0.0,0.4,0.9,0.1
32,3.85,4.69,0.0,0.4,0.9,0.1
32,3.66,4.87,0.0,0.4,0.9,0.1
32,3.48,5.0,0.0,0.4,0.9,0.1
32,3.07,5.22,0.0,0.4,0.9,0.1
32,2.89,5.35,0.0,0.4,0.9,0.1
32,2.83,5.45,0.0,0.4,0.9,0.1
32,2.71,5.87,0.0,0.4,0.9,0.1
32,2.64,6.01,0.0,0.4,0.9,0.1
33,2.07,6.33,0.0,0.1,0.4,0.9
33,2.08,6.28,0.0,0.1,0.4,0.9
33,2.1,6.17,0.0,0.1,0.4,0.9
33,2.2,6.09,0.0,0.1,0.4,0.9
33,2.35,6.13,0.0,0.1,0.4,0.9
33,2.47,6.25,0.0,0.1,0.4,0.9
33,2.63,6.69,0.0,0.1,0.4,0.9
33,2.73,6.89,0.0,0.1,0.4,0.9
33,2.96,7.66,0.0,0.1,0.4,0.9
33,2.83,8.01,0.0,0.1,0.4,0.9
33,2.17,8.26,0.0,0.1,0.4,0.9
34,1.14,7.54,0.0,0.9,0.1,0.4
34,1.14,7.54,0.0,0.9,0.1,0.4
34,1.14,7.54,0.0,0.9,0.1,0.4
34,1.3,7.28,0.0,0.9,0.1,0.4
34,1.45,7.02,0.0,0.9,0.1,0.4
34,1.68,6.81,0.0,0.9,0.1,0.4
34,1.86,6.75,0.0,0.9,0.1,0.4
34,2.12,6.81,0.0,0.9,0.1,0.4
34,2.24,6.93,0.0,0.9,0.1,0.4
34,2.41,7.44,0.0,0.9,0.1,0.4
34,2.45,7.7,0.0,0.9,0.1,0.4
34,2.43,7.94,0.0,0.9,0.1,0.4
34,1.63,8.21,0.0,0.9,0.1,0.4
35,1.82,7.6,0.0,0.1,0.9,0.4
35,1.82,7.6,0.0,0.1,0.9,0.4
35,2.0,7.46,0.0,0.1,0.9,0.4
35,2.2,7.17,0.0,0.1,0.9,0.4
35,2.29,6.89,0.0,0.1,0.9,0.4
35,2.31,6.63,0.0,0.1,0.9,0.4
35,2.32,6.26,0.0,0.1,0.9,0.4
35,2.12,6.07,0.0,0.1,0.9,0.4
35,1.64,6.02,0.0,0.1,0.9,0.4
35,1.15,5.99,0.0,0.1,0.9,0.4
35,0.89,5.97,0.0,0.1,0.9,0.4
35,0.63,5.94,0.0,0.1,0.9,0.4
35,0.34,5.9,0.0,0.1,0.9,0.4
35,-0.2,5.83,0.0,0.1,0.9,0.4
36,-0.83,5.9,0.0,0.4,0.1,0.9
36,-0.91,6.13,0.0,0.4,0.1,0.9
36,-0.45,6.54,0.0,0.4,0.1,0.9
36,-0.28,6.53,0.0,0.4,0.1,0.9
36,0.44,6.61,0.0,0.4,0.1,0.9
36,0.37,6.91,0.0,0.4,0.1,0.9
36,0.23,6.99,0.0,0.4,0.1,0.9
36,-0.15,6.99,0.0,0.4,0.1,0.9
36,-0.36,6.93,0.0,0.4,0.1,0.9
36,-0.57,6.84,0.0,0.4,0.1,0.9
36,-0.85,6.51,0.0,0.4,0.1,0.9
36,-0.93,6.34,0.0,0.4,0.1,0.9
37,-0.42,5.72,0.0,0.7,0.7,0.7
37,-0.42,5.72,0.0,0.7,0.7,0.7
37,-0.42,5.72,0.0,0.7,0.7,0.7
37,-0.31,5.76,0.0,0.7,0.7,0.7
37,-0.28,5.79,0.0,0.7,0.7,0.7
37,-0.16,5.93,0.0,0.7,0.7,0.7
37,-0.16,5.93,0.0,0.7,0.7,0.7
37,-0.27,6.17,0.0,0.7,0.7,0.7
37,-0.55,6.77,0.0,0.7,0.7,0.7
37,-0.27,7.27,0.0,0.7,0.7,0.7
37,0.22,7.45,0.0,0.7,0.7,0.7
37,0.42,7.53,0.0,0.7,0.7,0.7
37,0.63,7.7,0.0,0.7,0.7,0.7
37,0.81,8.03,0.0,0.7,0.7,0.7
37,0.49,8.61,0.0,0.7,0.7,0.7
38,-0.26,9.05,0.0,0.3,0.3,0.3
38,-0.26,9.05,0.0,0.3,0.3,0.3
38,-0.26,9.05,0.0,0.3,0.3,0.3
38,-0.57,9.23,0.0,0.3,0.3,0.3
38,-0.57,9.23,0.0,0.3,0.3,0.3
38,-1.15,9.36,0.0,0.3,0.3,0.3
38,-1.15,9.36,0.0,0.3,0.3,0.3
38,-1.54,9.48,0.0,0.3,0.3,0.3
38,-1.22,10.03,0.0,0.3,0.3,0.3
38,-1.1,9.99,0.0,0.3,0.3,0.3
38,-0.84,9.72,0.0,0.3,0.3,0.3
38,-0.66,9.66,0.0,0.3,0.3,0.3
38,-0.51,9.65,0.0,0.3,0.3,0.3
38,-0.25,9.73,0.0,0.3,0.3,0.3
38,0.21,9.85,0.0,0.3,0.3,0.3
39,0.5,10.06,0.0,1.0,0.6,0.6
39,0.5,10.06,0.0,1.0,0.6,0.6
39,0.68,10.29,0.0,1.0,0.6,0.6
39,0.82,10.54,0.0,1.0,0.6,0.6
39,0.96,10.76,0.0,1.0,0.6,0.6
39,1.12,10.9,0.0,1.0,0.6,0.6
39,1.36,10.93,0.0,1.0,0.6,0.6
39,1.43,10.66,0.0,1.0,0.6,0.6
39,1.24,10.46,0.0,1.0,0.6,0.6
39,1.05,10.28,0.0,1.0,0.6,0.6
39,0.85,10.07,0.0,1.0,0.6,0.6
39,0.64,9.89,0.0,1.0,0.6,0.6
39,0.28,9.56,0.0,1.0,0.6,0.6
39,0.06,9.38,0.0,1.0,0.6,0.6
39,-0.36,8.98,0.0,1.0,0.6,0.6
39,-0.55,8.66,0.0,1.0,0.6,0.6
40,-0.64,8.39,0.0,0.6,1.0,0.6
40,-0.64,8.39,0.0,0.6,1.0,0.6
40,-0.64,8.39,0.0,0.6,1.0,0.6
40,-0.72,8.03,0.0,0.6,1.0,0.6
40,-0.84,7.37,0.0,0.6,1.0,0.6
40,-0.84,7.37,0.0,0.6,1.0,0.6
40,-0.89,7.07,0.0,0.6,1.0,0.6
40,-0.95,6.77,0.0,0.6,1.0,0.6
40,-1.02,6.49,0.0,0.6,1.0,0.6
40,-1.07,6.21,0.0,0.6,1.0,0.6
40,-1.1,5.9,0.0,0.6,1.0,0.6
40,-1.17,5.32,0.0,0.6,1.0,0.6
40,-1.19,5.02,0.0,0.6,1.0,0.6
40,-1.22,4.77,0.0,0.6,1.0,0.6
40,-1.24,4.66,0.0,0.6,1.0,0.6
40,-1.38,4.76,0.0,0.6,1.0,0.6
41,-2.02,5.09,0.0,0.6,0.6,1.0
41,-2.21,4.94,0.0,0.6,0.6,1.0
41,-2.29,4.54,0.0,0.6,0.6,1.0
41,-2.25,4.38,0.0,0.6,0.6,1.0
41,-2.19,4.23,0.0,0.6,0.6,1.0
41,-2.06,4.01,0.0,0.6,0.6,1.0
41,-1.91,3.76,0.0,0.6,0.6,1.0
41,-1.76,3.46,0.0,0.6,0.6,1.0
41,-1.76,3.46,0.0,0.6,0.6,1.0
41,-1.76,3.46,0.0,0.6,0.6,1.0
41,-1.74,3.14,0.0,0.6,0.6,1.0
41,-1.96,2.73,0.0,0.6,0.6,1.0
41,-2.22,2.73,0.0,0.6,0.6,1.0
41,-2.38,2.9,0.0,0.6,0.6,1.0
41,-2.38,3.03,0.0,0.6,0.6,1.0
41,-2.56,3.6,0.0,0.6,0.6,1.0
41,-2.78,3.62,0.0,0.6,0.6,1.0
41,-2.89,3.58,0.0,0.6,0.6,1.0
41,-2.95,3.38,0.0,0.6,0.6,1.0
41,-2.93,3.22,0.0,0.6,0.6,1.0
41,-2.87,2.98,0.0,0.6,0.6,1.0
41,-2.84,2.71,0.0,0.6,0.6,1.0
41,-2.84,2.71,0.0,0.6,0.6,1.0
41,-2.81,2.46,0.0,0.6,0.6,1.0
42,-2.58,1.86,0.0,1.0,0.8,0.6
42,-2.46,1.6,0.0,1.0,0.8,0.6
42,-2.46,1.6,0.0,1.0,0.8,0.6
42,-2.21,1.18,0.0,1.0,0.8,0.6
42,-1.96,0.98,0.0,1.0,0.8,0.6
42,-1.76,0.83,0.0,1.0,0.8,0.6
42,-1.53,0.71,0.0,1.0,0.8,0.6
42,-1.32,0.58,0.0,1.0,0.8,0.6
42,-1.32,0.58,0.0,1.0,0.8,0.6
42,-1.11,0.48,0.0,1.0,0.8,0.6
42,-0.54,0.22,0.0,1.0,0.8,0.6
42,-0.64,0.01,0.0,1.0,0.8,0.6
42,-0.86,0.09,0.0,1.0,0.8,0.6
42,-1.39,0.46,0.0,1.0,0.8,0.6
43,-1.72,0.54,0.0,0.8,1.0,0.6
43,-1.72,0.54,0.0,0.8,1.0,0.6
43,-1.97,0.56,0.0,0.8,1.0,0.6
43,-2.2,0.56,0.0,0.8,1.0,0.6
43,-2.58,0.29,0.0,0.8,1.0,0.6
43,-2.42,0.09,0.0,0.8,1.0,0.6
43,-2.29,0.1,0.0,0.8,1.0,0.6
43,-2.04,0.21,0.0,0.8,1.0,0.6
43,-1.12,0.46,0.0,0.8,1.0,0.6
43,-0.94,0.41,0.0,0.8,1.0,0.6
43,-0.65,0.23,0.0,0.8,1.0,0.6
43,-0.35,0.28,0.0,0.8,1.0,0.6
43,-0.22,0.47,0.0,0.8,1.0,0.6
43,-0.2,0.66,0.0,0.8,1.0,0.6
44,-1.25,0.94,0.0,0.6,1.0,0.8
44,-1.4,0.83,0.0,0.6,1.0,0.8
44,-1.4,0.83,0.0,0.6,1.0,0.8
44,-1.47,0.81,0.0,0.6,1.0,0.8
44,-1.39,0.62,0.0,0.6,1.0,0.8
44,-1.29,0.58,0.0,0.6,1.0,0.8
44,-1.15,0.59,0.0,0.6,1.0,0.8
44,-0.91,0.64,0.0,0.6,1.0,0.8
44,-0.63,0.66,0.0,0.6,1.0,0.8
44,-0.37,0.67,0.0,0.6,1.0,0.8
44,-0.1,0.69,0.0,0.6,1.0,0.8
44,0.17,0.69,0.0,0.6,1.0,0.8
44,0.43,0.69,0.0,0.6,1.0,0.8
44,0.61,0.67,0.0,0.6,1.0,0.8
44,1.08,0.45,0.0,0.6,1.0,0.8
44,1.29,0.25,0.0,0.6,1.0,0.8
44,1.67,-0.09,0.0,0.6,1.0,0.8
44,1.87,-0.27,0.0,0.6,1.0,0.8
44,2.09,-0.36,0.0,0.6,1.0,0.8
45,2.59,-0.44,0.0,0.8,0.6,1.0
45,2.59,-0.44,0.0,0.8,0.6,1.0
45,2.81,-0.35,0.0,0.8,0.6,1.0
45,2.72,-0.24,0.0,0.8,0.6,1.0
45,2.58,-0.24,0.0,0.8,0.6,1.0
45,2.34,-0.29,0.0,0.8,0.6,1.0
45,2.3,-0.16,0.0,0.8,0.6,1.0
45,2.27,-0.01,0.0,0.8,0.6,1.0
45,2.29,0.15,0.0,0.8,0.6,1.0
45,2.32,0.52,0.0,0.8,0.6,1.0
45,2.18,0.63,0.0,0.8,0.6,1.0
45,1.43,0.61,0.0,0.8,0.6,1.0
45,1.16,0.62,0.0,0.8,0.6,1.0
45,0.93,0.84,0.0,0.8,0.6,1.0
45,0.85,1.14,0.0,0.8,0.6,1.0
45,0.9,1.34,0.0,0.8,0.6,1.0
46,1.15,1.61,0.0,1.0,0.6,0.8
46,1.15,1.61,0.0,1.0,0.6,0.8
46,1.15,1.61,0.0,1.0,0.6,0.8
46,1.36,1.73,0.0,1.0,0.6,0.8
46,1.7,1.95,0.0,1.0,0.6,0.8
46,1.93,2.23,0.0,1.0,0.6,0.8
46,2.01,2.56,0.0,1.0,0.6,0.8
46,2.0,2.72,0.0,1.0,0.6,0.8
46,1.96,2.88,0.0,1.0,0.6,0.8
46,1.74,3.16,0.0,1.0,0.6,0.8
46,1.78,3.17,0.0,1.0,0.6,0.8
46,1.94,4.07,0.0,1.0,0.6,0.8
46,2.04,4.21,0.0,1.0,0.6,0.8
47,2.7,4.88,0.0,0.6,0.8,1.0
47,2.29,5.27,0.0,0.6,0.8,1.0
47,2.29,5.27,0.0,0.6,0.8,1.0
47,2.29,5.27,0.0,0.6,0.8,1.0
47,2.29,5.27,0.0,0.6,0.8,1.0
47,2.29,5.27,0.0,0.6,0.8,1.0
47,2.29,5.27,0.0,0.6,0.8,1.0
47,2.29,5.27,0.0,0.6,0.8,1.0
47,2.29,5.27,0.0,0.6,0.8,1.0
47,2.29,5.27,0.0,0.6,0.8,1.0
47,2.29,5.27,0.0,0.6,0.8,1.0
47,2.65,5.46,0.0,0.6,0.8,1.0
47,1.84,6.03,0.0,0.6,0.8,1.0
47,1.55,5.81,0.0,0.6,0.8,1.0
47,1.47,5.48,0.0,0.6,0.8,1.0
47,1.47,5.32,0.0,0.6,0.8,1.0
47,1.53,5.08,0.0,0.6,0.8,1.0
47,1.5,4.93,0.0,0.6,0.8,1.0
47,1.43,4.72,0.0,0.6,0.8,1.0
47,1.37,4.49,0.0,0.6,0.8,1.0
47,1.34,4.26,0.0,0.6,0.8,1.0
47,1.27,4.04,0.0,0.6,0.8,1.0
47,1.23,3.8,0.0,0.6,0.8,1.0
47,1.15,3.56,0.0,0.6,0.8,1.0
48,0.7,2.93,0.0,0.5,0.5,0.2
48,0.7,2.93,0.0,0.5,0.5,0.2
48,0.2,2.88,0.0,0.5,0.5,0.2
48,-0.0,3.12,0.0,0.5,0.5,0.2
48,0.54,3.69,0.0,0.5,0.5,0.2
48,0.78,3.59,0.0,0.5,0.5,0.2
48,0.86,3.56,0.0,0.5,0.5,0.2
48,1.06,3.34,0.0,0.5,0.5,0.2
48,1.06,3.34,0.0,0.5,0.5,0.2
48,1.43,2.83,0.0,0.5,0.5,0.2
48,1.52,2.69,0.0,0.5,0.5,0.2
49,1.93,2.15,0.0,1.0,0.0,0.0
49,1.93,2.15,0.0,1.0,0.0,0.0
49,1.93,2.15,0.0,1.0,0.0,0.0
49,1.93,2.15,0.0,1.0,0.0,0.0
49,1.93,1.84,0.0,1.0,0.0,0.0
49,2.45,1.2,0.0,1.0,0.0,0.0
49,2.12,1.2,0.0,1.0,0.0,0.0
49,2.12,1.2,0.0,1.0,0.0,0.0
49,2.52,0.63,0.0,1.0,0.0,0.0
49,2.57,0.38,0.0,1.0,0.0,0.0
49,2.54,0.1,0.0,1.0,0.0,0.0
49,2.28,0.01,0.0,1.0,0.0,0.0
49,2.04,0.06,0.0,1.0,0.0,0.0
49,1.83,0.26,0.0,1.0,0.0,0.0
49,1.55,0.48,0.0,1.0,0.0,0.0
49,-0.05,0.58,0.0,1.0,0.0,0.0
50,-0.27,0.28,0.0,0.0,1.0,0.0
50,-0.32,0.01,0.0,0.0,1.0,0.0
50,-0.32,0.01,0.0,0.0,1.0,0.0
50,-0.38,-0.01,0.0,0.0,1.0,0.0
50,-0.38,-0.01,0.0,0.0,1.0,0.0
50,-0.43,-0.3,0.0,0.0,1.0,0.0
50,-0.37,-0.42,0.0,0.0,1.0,0.0
50,-0.21,-0.41,0.0,0.0,1.0,0.0
50,-0.18,-0.25,0.0,0.0,1.0,0.0
50,-0.24,0.04,0.0,0.0,1.0,0.0
50,-0.62,0.61,0.0,0.0,1.0,0.0
50,-0.7,0.86,0.0,0.0,1.0,0.0
50,-0.65,1.02,0.0,0.0,1.0,0.0
50,-0.46,1.19,0.0,0.0,1.0,0.0
50,-0.06,1.43,0.0,0.0,1.0,0.0
50,0.09,1.65,0.0,0.0,1.0,0.0
50,0.33,1.72,0.0,0.0,1.0,0.0
51,0.49,1.68,0.0,0.0,0.0,1.0
51,1.01,1.68,0.0,0.0,0.0,1.0
51,1.18,1.97,0.0,0.0,0.0,1.0
51,1.18,1.97,0.0,0.0,0.0,1.0
51,1.32,2.48,0.0,0.0,0.0,1.0
51,1.65,2.88,0.0,0.0,0.0,1.0
51,1.84,3.08,0.0,0.0,0.0,1.0
51,2.04,3.25,0.0,0.0,0.0,1.0
51,2.24,3.45,0.0,0.0,0.0,1.0
51,2.91,4.2,0.0,0.0,0.0,1.0
51,3.32,4.31,0.0,0.0,0.0,1.0
51,3.49,4.16,0.0,0.0,0.0,1.0
52,3.75,3.59,0.0,1.0,1.0,0.0
52,3.89,3.45,0.0,1.0,1.0,0.0
52,3.89,3.45,0.0,1.0,1.0,0.0
52,3.89,3.45,0.0,1.0,1.0,0.0
52,3.89,3.45,0.0,1.0,1.0,0.0
52,4.12,3.34,0.0,1.0,1.0,0.0
52,4.3,2.91,0.0,1.0,1.0,0.0
52,4.59,2.32,0.0,1.0,1.0,0.0
52,4.81,2.25,0.0,1.0,1.0,0.0
52,5.02,2.34,0.0,1.0,1.0,0.0
52,5.08,2.41,0.0,1.0,1.0,0.0
52,5.22,2.89,0.0,1.0,1.0,0.0
52,5.27,3.11,0.0,1.0,1.0,0.0
52,5.28,3.43,0.0,1.0,1.0,0.0
52,5.13,3.73,0.0,1.0,1.0,0.0
52,5.02,3.87,0.0,1.0,1.0,0.0
52,4.74,4.07,0.0,1.0,1.0,0.0
53,4.56,4.11,0.0,1.0,0.0,1.0
53,4.28,4.12,0.0,1.0,0.0,1.0
53,3.98,4.11,0.0,1.0,0.0,1.0
53,3.69,4.12,0.0,1.0,0.0,1.0
53,3.41,4.1,0.0,1.0,0.0,1.0
53,2.83,4.04,0.0,1.0,0.0,1.0
53,2.32,4.05,0.0,1.0,0.0,1.0
53,2.07,4.07,0.0,1.0,0.0,1.0
53,1.82,4.07,0.0,1.0,0.0,1.0
53,1.33,4.06,0.0,1.0,0.0,1.0
53,1.08,4.08,0.0,1.0,0.0,1.0
53,0.31,4.03,0.0,1.0,0.0,1.0
54,-0.18,4.02,0.0,0.0,1.0,1.0
54,-0.18,4.02,0.0,0.0,1.0,1.0
54,-0.18,4.02,0.0,0.0,1.0,1.0
54,-0.77,4.23,0.0,0.0,1.0,1.0
54,-0.85,4.35,0.0,0.0,1.0,1.0
54,-0.91,4.44,0.0,0.0,1.0,1.0
54,-1.03,4.83,0.0,0.0,1.0,1.0
54,-1.8,5.55,0.0,0.0,1.0,1.0
54,-1.8,5.55,0.0,0.0,1.0,1.0
54,-2.32,5.44,0.0,0.0,1.0,1.0
54,-2.62,5.37,0.0,0.0,1.0,1.0
54,-2.89,5.23,0.0,0.0,1.0,1.0
55,-2.5,5.0,0.0,0.5,0.0,0.0
55,-2.5,5.0,0.0,0.5,0.0,0.0
55,-2.5,5.0,0.0,0.5,0.0,0.0
55,-2.36,5.26,0.0,0.5,0.0,0.0
55,-2.23,5.51,0.0,0.5,0.0,0.0
55,-2.23,5.51,0.0,0.5,0.0,0.0
55,-1.96,6.01,0.0,0.5,0.0,0.0
55,-2.07,6.54,0.0,0.5,0.0,0.0
55,-2.73,6.67,0.0,0.5,0.0,0.0
55,-2.73,6.84,0.0,0.5,0.0,0.0
55,-2.57,6.99,0.0,0.5,0.0,0.0
55,-2.23,7.3,0.0,0.5,0.0,0.0
55,-2.13,7.49,0.0,0.5,0.0,0.0
56,-2.08,7.65,0.0,0.0,0.5,0.0
56,-2.08,7.65,0.0,0.0,0.5,0.0
56,-2.08,7.65,0.0,0.0,0.5,0.0
56,-2.08,7.65,0.0,0.0,0.5,0.0
56,-2.38,8.48,0.0,0.0,0.5,0.0
56,-2.55,8.57,0.0,0.0,0.5,0.0
56,-2.73,8.61,0.0,0.0,0.5,0.0
56,-3.07,8.62,0.0,0.0,0.5,0.0
56,-3.25,8.58,0.0,0.0,0.5,0.0
56,-3.54,8.36,0.0,0.0,0.5,0.0
56,-3.54,7.32,0.0,0.0,0.5,0.0
56,-3.38,7.13,0.0,0.0,0.5,0.0
56,-3.17,6.82,0.0,0.0,0.5,0.0
57,-3.0,6.35,0.0,0.0,0.0,0.5
57,-3.0,6.35,0.0,0.0,0.0,0.5
57,-3.0,6.35,0.0,0.0,0.0,0.5
57,-2.9,6.14,0.0,0.0,0.0,0.5
57,-2.82,5.89,0.0,0.0,0.0,0.5
57,-2.72,5.64,0.0,0.0,0.0,0.5
57,-2.44,5.0,0.0,0.0,0.0,0.5
57,-2.38,4.84,0.0,0.0,0.0,0.5
57,-2.37,4.69,0.0,0.0,0.0,0.5
57,-2.45,4.36,0.0,0.0,0.0,0.5
57,-2.56,4.14,0.0,0.0,0.0,0.5
57,-2.61,3.98,0.0,0.0,0.0,0.5
57,-2.62,3.81,0.0,0.0,0.0,0.5
57,-2.58,3.64,0.0,0.0,0.0,0.5
57,-2.58,3.64,0.0,0.0,0.0,0.5
57,-2.58,3.64,0.0,0.0,0.0,0.5
57,-2.58,3.64,0.0,0.0,0.0,0.5
58,-2.58,3.64,0.0,0.5,0.5,0.0
58,-2.58,3.64,0.0,0.5,0.5,0.0
58,-2.58,3.64,0.0,0.5,0.5,0.0
58,-2.58,3.64,0.0,0.5,0.5,0.0
58,-2.58,3.64,0.0,0.5,0.5,0.0
58,-2.58,3.64,0.0,0.5,0.5,0.0
58,-2.58,3.64,0.0,0.5,0.5,0.0
58,-2.58,3.64,0.0,0.5,0.5,0.0
58,-2.58,3.64,0.0,0.5,0.5,0.0
58,-2.58,3.64,0.0,0.5,0.5,0.0
58,-2.58,3.64,0.0,0.5,0.5,0.0
58,-2.58,3.64,0.0,0.5,0.5,0.0
58,-2.58,3.64,0.0,0.5,0.5,0.0
58,-2.58,3.64,0.0,0.5,0.5,0.0
58,-2.58,3.64,0.0,0.5,0.5,0.0
58,-2.58,3.64,0.0,0.5,0.5,0.0
58,-2.58,3.64,0.0,0.5,0.5,0.0
59,-2.58,3.64,0.0,0.5,0.0,0.5
59,-2.58,3.64,0.0,0.5,0.0,0.5
59,-2.58,3.64,0.0,0.5,0.0,0.5
59,-3.33,3.58,0.0,0.5,0.0,0.5
59,-3.33,3.58,0.0,0.5,0.0,0.5
59,-3.33,3.58,0.0,0.5,0.0,0.5
59,-3.33,3.58,0.0,0.5,0.0,0.5
59,-3.33,3.58,0.0,0.5,0.0,0.5
59,-3.32,3.59,0.0,0.5,0.0,0.5
59,-3.32,3.59,0.0,0.5,0.0,0.5
59,-3.28,3.68,0.0,0.5,0.0,0.5
59,-3.22,3.9,0.0,0.5,0.0,0.5
59,-3.26,4.28,0.0,0.5,0.0,0.5
59,-3.4,4.38,0.0,0.5,0.0,0.5
59,-3.61,4.14,0.0,0.5,0.0,0.5
59,-3.52,3.98,0.0,0.5,0.0,0.5
59,-3.31,3.76,0.0,0.5,0.0,0.5
59,-3.2,3.64,0.0,0.5,0.0,0.5
59,-3.13,3.5,0.0,0.5,0.0,0.5
59,-3.04,3.3,0.0,0.5,0.0,0.5
59,-2.84,2.77,0.0,0.5,0.0,0.5
60,-2.42,1.73,0.0,0.0,0.5,0.5
60,-1.93,1.27,0.0,0.0,0.5,0.5
60,-1.7,1.06,0.0,0.0,0.5,0.5
60,-1.7,1.06,0.0,0.0,0.5,0.5
60,-1.7,1.06,0.0,0.0,0.5,0.5
60,-1.49,0.88,0.0,0.0,0.5,0.5
60,-1.25,0.72,0.0,0.0,0.5,0.5
60,-1.0,0.6,0.0,0.0,0.5,0.5
60,-0.78,0.49,0.0,0.0,0.5,0.5
60,-0.78,0.49,0.0,0.0,0.5,0.5
60,-0.54,0.39,0.0,0.0,0.5,0.5
60,-0.34,0.28,0.0,0.0,0.5,0.5
60,0.05,0.3,0.0,0.0,0.5,0.5
60,0.07,0.31,0.0,0.0,0.5,0.5
60,0.1,0.19,0.0,0.0,0.5,0.5
60,-0.28,-0.07,0.0,0.0,0.5,0.5
60,-0.49,-0.29,0.0,0.0,0.5,0.5
61,-0.76,-0.56,0.0,1.0,0.5,0.0
61,-0.76,-0.56,0.0,1.0,0.5,0.0
61,-0.76,-0.56,0.0,1.0,0.5,0.0
61,-0.76,-0.56,0.0,1.0,0.5,0.0
61,-1.16,-0.35,0.0,1.0,0.5,0.0
61,-1.6,-0.18,0.0,1.0,0.5,0.0
61,-1.58,0.13,0.0,1.0,0.5,0.0
61,-1.46,0.83,0.0,1.0,0.5,0.0
61,-1.46,0.83,0.0,1.0,0.5,0.0
61,-1.29,1.04,0.0,1.0,0.5,0.0
61,-1.14,1.25,0.0,1.0,0.5,0.0
61,-1.14,1.25,0.0,1.0,0.5,0.0
63,-0.72,-0.98,0.0,0.0,1.0,0.5
63,-0.72,-0.98,0.0,0.0,1.0,0.5
63,-0.72,-0.98,0.0,0.0,1.0,0.5
63,-0.63,-0.47,0.0,0.0,1.0,0.5
63,-0.58,-0.28,0.0,0.0,1.0,0.5
63,-0.81,-0.3,0.0,0.0,1.0,0.5
63,-1.04,-0.13,0.0,0.0,1.0,0.5
63,-1.08,-0.05,0.0,0.0,1.0,0.5
63,-1.57,0.39,0.0,0.0,1.0,0.5
63,-1.75,0.44,0.0,0.0,1.0,0.5
63,-2.02,0.4,0.0,0.0,1.0,0.5
63,-2.46,0.65,0.0,0.0,1.0,0.5
63,-2.54,0.82,0.0,0.0,1.0,0.5
63,-2.54,1.19,0.0,0.0,1.0,0.5
63,-2.4,1.68,0.0,0.0,1.0,0.5
64,-2.34,2.2,0.0,0.5,0.0,1.0
64,-2.62,2.52,0.0,0.5,0.0,1.0
64,-2.97,2.8,0.0,0.5,0.0,1.0
64,-3.47,2.9,0.0,0.5,0.0,1.0
64,-3.65,3.26,0.0,0.5,0.0,1.0
64,-3.59,3.81,0.0,0.5,0.0,1.0
64,-3.51,4.06,0.0,0.5,0.0,1.0
64,-3.51,4.06,0.0,0.5,0.0,1.0
64,-3.51,4.06,0.0,0.5,0.0,1.0
64,-3.51,4.06,0.0,0.5,0.0,1.0
64,-3.28,4.51,0.0,0.5,0.0,1.0
64,-3.11,4.76,0.0,0.5,0.0,1.0
64,-2.96,5.0,0.0,0.5,0.0,1.0
64,-2.55,5.7,0.0,0.5,0.0,1.0
64,-2.55,5.7,0.0,0.5,0.0,1.0
64,-2.55,5.7,0.0,0.5,0.0,1.0
64,-2.55,5.7,0.0,0.5,0.0,1.0
64,-2.55,5.7,0.0,0.5,0.0,1.0
64,-2.55,5.7,0.0,0.5,0.0,1.0
64,-2.55,5.7,0.0,0.5,0.0,1.0
64,-2.55,5.7,0.0,0.5,0.0,1.0
64,-2.55,5.7,0.0,0.5,0.0,1.0
65,-2.26,6.1,0.0,1.0,0.0,0.5
65,-2.26,6.1,0.0,1.0,0.0,0.5
65,-2.26,6.1,0.0,1.0,0.0,0.5
65,-2.26,6.1,0.0,1.0,0.0,0.5
65,-2.26,6.1,0.0,1.0,0.0,0.5
65,-2.26,6.1,0.0,1.0,0.0,0.5
65,-2.26,6.1,0.0,1.0,0.0,0.5
65,-2.26,6.1,0.0,1.0,0.0,0.5
65,-2.26,6.1,0.0,1.0,0.0,0.5
65,-2.26,6.1,0.0,1.0,0.0,0.5
65,-2.26,6.1,0.0,1.0,0.0,0.5
65,-2.26,6.1,0.0,1.0,0.0,0.5
65,-2.2,6.28,0.0,1.0,0.0,0.5
65,-2.2,6.3,0.0,1.0,0.0,0.5
65,-2.24,6.39,0.0,1.0,0.0,0.5
65,-2.36,6.68,0.0,1.0,0.0,0.5
65,-2.57,7.25,0.0,1.0,0.0,0.5
65,-2.69,7.55,0.0,1.0,0.0,0.5
65,-2.81,7.82,0.0,1.0,0.0,0.5
65,-3.08,8.41,0.0,1.0,0.0,0.5
65,-3.24,8.69,0.0,1.0,0.0,0.5
65,-3.41,8.96,0.0,1.0,0.0,0.5
65,-3.56,9.27,0.0,1.0,0.0,0.5
65,-3.69,9.57,0.0,1.0,0.0,0.5
65,-3.7,9.95,0.0,1.0,0.0,0.5
65,-3.42,10.27,0.0,1.0,0.0,0.5
66,-2.78,9.88,0.0,0.0,0.5,1.0
66,-2.53,9.79,0.0,0.0,0.5,1.0
66,-2.28,9.75,0.0,0.0,0.5,1.0
66,-2.02,9.75,0.0,0.0,0.5,1.0
66,-1.46,9.89,0.0,0.0,0.5,1.0
66,-0.89,10.08,0.0,0.0,0.5,1.0
66,-0.62,10.21,0.0,0.0,0.5,1.0
66,-0.62,10.21,0.0,0.0,0.5,1.0
66,-0.36,10.39,0.0,0.0,0.5,1.0
66,-0.36,10.39,0.0,0.0,0.5,1.0
66,-0.36,10.39,0.0,0.0,0.5,1.0
66,-0.05,10.55,0.0,0.0,0.5,1.0
66,0.27,10.58,0.0,0.0,0.5,1.0
66,0.6,10.55,0.0,0.0,0.5,1.0
66,1.18,10.41,0.0,0.0,0.5,1.0
66,1.68,10.09,0.0,0.0,0.5,1.0
66,2.22,9.12,0.0,0.0,0.5,1.0
66,2.5,8.46,0.0,0.0,0.5,1.0
66,2.75,7.41,0.0,0.0,0.5,1.0
66,2.74,7.03,0.0,0.0,0.5,1.0
66,2.65,6.48,0.0,0.0,0.5,1.0
66,2.48,5.88,0.0,0.0,0.5,1.0
66,2.22,5.62,0.0,0.0,0.5,1.0
67,0.97,5.39,0.0,0.25,0.75,0.25
67,0.83,5.29,0.0,0.25,0.75,0.25
67,0.7,5.04,0.0,0.25,0.75,0.25
67,0.92,4.77,0.0,0.25,0.75,0.25
67,1.3,4.75,0.0,0.25,0.75,0.25
67,1.66,4.93,0.0,0.25,0.75,0.25
67,1.84,5.35,0.0,0.25,0.75,0.25
67,1.92,5.83,0.0,0.25,0.75,0.25
67,2.14,6.37,0.0,0.25,0.75,0.25
67,2.61,6.36,0.0,0.25,0.75,0.25
67,2.53,6.25,0.0,0.25,0.75,0.25
67,2.53,6.32,0.0,0.25,0.75,0.25
67,2.52,6.31,0.0,0.25,0.75,0.25
67,2.43,5.84,0.0,0.25,0.75,0.25
67,2.39,5.6,0.0,0.25,0.75,0.25
67,2.44,5.33,0.0,0.25,0.75,0.25
68,2.38,5.55,0.0,0.75,0.25,0.25
68,1.64,5.63,0.0,0.75,0.25,0.25
68,1.16,5.66,0.0,0.75,0.25,0.25
68,1.16,5.66,0.0,0.75,0.25,0.25
68,1.16,5.66,0.0,0.75,0.25,0.25
68,0.32,5.74,0.0,0.75,0.25,0.25
68,0.06,5.79,0.0,0.75,0.25,0.25
68,0.06,5.79,0.0,0.75,0.25,0.25
68,-0.45,5.83,0.0,0.75,0.25,0.25
68,-0.77,5.89,0.0,0.75,0.25,0.25
68,-1.12,5.87,0.0,0.75,0.25,0.25
68,-1.35,5.77,0.0,0.75,0.25,0.25
68,-1.11,5.75,0.0,0.75,0.25,0.25
68,-1.11,5.75,0.0,0.75,0.25,0.25
68,-1.13,5.84,0.0,0.75,0.25,0.25
69,-0.93,5.96,0.0,0.25,0.25,0.75
69,-0.93,5.96,0.0,0.25,0.25,0.75
69,-0.66,6.04,0.0,0.25,0.25,0.75
69,-0.1,6.23,0.0,0.25,0.25,0.75
69,0.17,6.3,0.0,0.25,0.25,0.75
69,0.17,6.3,0.0,0.25,0.25,0.75
69,0.17,6.3,0.0,0.25,0.25,0.75
69,0.47,6.36,0.0,0.25,0.25,0.75
69,0.75,6.42,0.0,0.25,0.25,0.75
69,1.33,6.54,0.0,0.25,0.25,0.75
69,1.57,6.55,0.0,0.25,0.25,0.75
69,1.78,6.82,0.0,0.25,0.25,0.75
69,2.11,7.24,0.0,0.25,0.25,0.75
69,2.27,7.45,0.0,0.25,0.25,0.75
69,2.27,7.45,0.0,0.25,0.25,0.75
69,2.45,7.64,0.0,0.25,0.25,0.75
69,2.6,7.85,0.0,0.25,0.25,0.75
70,2.76,8.05,0.0,0.75,0.75,0.25
70,2.76,8.05,0.0,0.75,0.75,0.25
70,2.76,8.05,0.0,0.75,0.75,0.25
70,2.79,8.2,0.0,0.75,0.75,0.25
70,2.74,8.21,0.0,0.75,0.75,0.25
70,2.7,8.26,0.0,0.75,0.75,0.25
70,2.53,8.02,0.0,0.75,0.75,0.25
70,2.53,8.02,0.0,0.75,0.75,0.25
70,2.39,7.8,0.0,0.75,0.75,0.25
70,2.26,7.58,0.0,0.75,0.75,0.25
70,2.26,7.58,0.0,0.75,0.75,0.25
70,2.13,7.34,0.0,0.75,0.75,0.25
70,2.02,7.1,0.0,0.75,0.75,0.25
70,2.02,7.1,0.0,0.75,0.75,0.25
71,1.18,5.69,0.0,0.75,0.25,0.75
71,1.18,5.69,0.0,0.75,0.25,0.75
71,1.05,5.45,0.0,0.75,0.25,0.75
71,0.94,5.22,0.0,0.75,0.25,0.75
71,0.83,4.96,0.0,0.75,0.25,0.75
71,0.89,4.85,0.0,0.75,0.25,0.75
71,1.31,4.71,0.0,0.75,0.25,0.75
71,1.49,4.73,0.0,0.75,0.25,0.75
71,1.67,4.77,0.0,0.75,0.25,0.75
71,1.83,4.86,0.0,0.75,0.25,0.75
71,2.45,5.04,0.0,0.75,0.25,0.75
71,2.67,4.91,0.0,0.75,0.25,0.75
72,3.76,4.18,0.0,0.25,0.75,0.75
72,3.76,4.18,0.0,0.25,0.75,0.75
72,3.76,4.18,0.0,0.25,0.75,0.75
72,3.76,4.18,0.0,0.25,0.75,0.75
72,3.76,4.18,0.0,0.25,0.75,0.75
72,3.76,4.18,0.0,0.25,0.75,0.75
72,3.76,4.18,0.0,0.25,0.75,0.75
72,3.97,3.63,0.0,0.25,0.75,0.75
72,3.92,3.48,0.0,0.25,0.75,0.75
72,3.84,3.32,0.0,0.25,0.75,0.75
72,3.72,3.19,0.0,0.25,0.75,0.75
72,3.31,2.94,0.0,0.25,0.75,0.75
72,3.12,2.94,0.0,0.25,0.75,0.75
72,3.06,2.95,0.0,0.25,0.75,0.75
72,2.4,3.14,0.0,0.25,0.75,0.75
72,2.21,3.12,0.0,0.25,0.75,0.75
72,1.91,2.94,0.0,0.25,0.75,0.75
72,1.79,2.81,0.0,0.25,0.75,0.75
72,1.7,2.64,0.0,0.25,0.75,0.75
72,1.66,2.3,0.0,0.25,0.75,0.75
72,1.7,2.1,0.0,0.25,0.75,0.75
73,1.91,1.73,0.0,0.6,0.3,0.0
73,1.91,1.73,0.0,0.6,0.3,0.0
73,1.91,1.73,0.0,0.6,0.3,0.0
73,2.24,1.43,0.0,0.6,0.3,0.0
73,2.37,1.42,0.0,0.6,0.3,0.0
73,2.5,1.45,0.0,0.6,0.3,0.0
73,2.59,1.54,0.0,0.6,0.3,0.0
73,2.75,1.97,0.0,0.6,0.3,0.0
73,2.76,2.16,0.0,0.6,0.3,0.0
73,2.64,2.49,0.0,0.6,0.3,0.0
73,2.54,2.62,0.0,0.6,0.3,0.0
73,2.36,2.78,0.0,0.6,0.3,0.0
73,1.97,2.96,0.0,0.6,0.3,0.0
73,1.61,3.28,0.0,0.6,0.3,0.0
73,1.48,3.48,0.0,0.6,0.3,0.0
73,1.4,3.69,0.0,0.6,0.3,0.0
73,1.37,3.99,0.0,0.6,0.3,0.0
73,1.32,4.22,0.0,0.6,0.3,0.0
74,0.94,4.76,0.0,0.3,0.6,0.0
74,0.94,4.76,0.0,0.3,0.6,0.0
74,0.94,4.76,0.0,0.3,0.6,0.0
74,0.94,4.76,0.0,0.3,0.6,0.0
74,0.94,4.76,0.0,0.3,0.6,0.0
74,0.94,4.76,0.0,0.3,0.6,0.0
74,0.94,4.76,0.0,0.3,0.6,0.0
74,0.94,4.76,0.0,0.3,0.6,0.0
74,0.94,4.76,0.0,0.3,0.6,0.0
74,0.94,4.76,0.0,0.3,0.6,0.0
74,0.94,4.76,0.0,0.3,0.6,0.0
74,0.94,4.76,0.0,0.3,0.6,0.0
74,0.65,4.84,0.0,0.3,0.6,0.0
74,0.51,4.73,0.0,0.3,0.6,0.0
74,0.51,4.71,0.0,0.3,0.6,0.0
74,0.64,4.44,0.0,0.3,0.6,0.0
75,0.93,3.9,0.0,0.0,0.3,0.6
75,0.94,3.82,0.0,0.0,0.3,0.6
75,0.94,3.82,0.0,0.0,0.3,0.6
75,0.94,3.82,0.0,0.0,0.3,0.6
75,0.94,3.82,0.0,0.0,0.3,0.6
75,0.94,3.82,0.0,0.0,0.3,0.6
75,0.94,3.82,0.0,0.0,0.3,0.6
75,0.94,3.82,0.0,0.0,0.3,0.6
75,0.94,3.82,0.0,0.0,0.3,0.6
75,0.94,3.82,0.0,0.0,0.3,0.6
75,0.94,3.82,0.0,0.0,0.3,0.6
75,0.94,3.82,0.0,0.0,0.3,0.6
75,0.94,3.82,0.0,0.0,0.3,0.6
75,0.94,3.82,0.0,0.0,0.3,0.6
75,0.94,3.82,0.0,0.0,0.3,0.6
75,0.94,3.82,0.0,0.0,0.3,0.6
75,0.94,3.82,0.0,0.0,0.3,0.6
75,0.94,3.82,0.0,0.0,0.3,0.6
76,0.94,3.82,0.0,0.6,0.0,0.3
76,0.94,3.82,0.0,0.6,0.0,0.3
76,0.94,3.82,0.0,0.6,0.0,0.3
76,0.94,3.82,0.0,0.6,0.0,0.3
76,0.94,3.82,0.0,0.6,0.0,0.3
76,0.94,3.82,0.0,0.6,0.0,0.3
76,0.94,3.82,0.0,0.6,0.0,0.3
76,0.94,3.82,0.0,0.6,0.0,0.3
76,0.94,3.82,0.0,0.6,0.0,0.3
76,0.94,3.82,0.0,0.6,0.0,0.3
76,0.94,3.82,0.0,0.6,0.0,0.3
76,0.94,3.82,0.0,0.6,0.0,0.3
76,0.94,3.82,0.0,0.6,0.0,0.3
76,0.94,3.82,0.0,0.6,0.0,0.3
76,0.94,3.82,0.0,0.6,0.0,0.3
76,0.94,3.82,0.0,0.6,0.0,0.3
76,0.94,3.82,0.0,0.6,0.0,0.3
76,0.94,3.82,0.0,0.6,0.0,0.3
77,0.94,3.82,0.0,0.3,0.0,0.6
77,0.94,3.82,0.0,0.3,0.0,0.6
77,0.94,3.82,0.0,0.3,0.0,0.6
77,0.94,3.82,0.0,0.3,0.0,0.6
77,0.94,3.82,0.0,0.3,0.0,0.6
77,0.94,3.82,0.0,0.3,0.0,0.6
77,0.94,3.82,0.0,0.3,0.0,0.6
77,0.94,3.82,0.0,0.3,0.0,0.6
77,0.94,3.82,0.0,0.3,0.0,0.6
77,0.94,3.82,0.0,0.3,0.0,0.6
77,0.94,3.82,0.0,0.3,0.0,0.6
77,0.94,3.82,0.0,0.3,0.0,0.6
77,0.94,3.82,0.0,0.3,0.0,0.6
77,0.94,3.82,0.0,0.3,0.0,0.6
77,0.94,3.82,0.0,0.3,0.0,0.6
77,0.94,3.82,0.0,0.3,0.0,0.6
77,0.94,3.82,0.0,0.3,0.0,0.6
77,0.94,3.82,0.0,0.3,0.0,0.6
78,0.94,3.82,0.0,0.0,0.6,0.3
78,0.94,3.82,0.0,0.0,0.6,0.3
78,0.94,3.82,0.0,0.0,0.6,0.3
78,0.94,3.82,0.0,0.0,0.6,0.3
78,0.94,3.82,0.0,0.0,0.6,0.3
78,0.94,3.82,0.0,0.0,0.6,0.3
78,0.94,3.82,0.0,0.0,0.6,0.3
78,0.94,3.82,0.0,0.0,0.6,0.3
78,0.94,3.82,0.0,0.0,0.6,0.3
78,0.94,3.82,0.0,0.0,0.6,0.3
78,0.94,3.82,0.0,0.0,0.6,0.3
78,0.94,3.82,0.0,0.0,0.6,0.3
78,0.94,3.82,0.0,0.0,0.6,0.3
78,0.94,3.82,0.0,0.0,0.6,0.3
78,0.94,3.82,0.0,0.0,0.6,0.3
78,0.94,3.82,0.0,0.0,0.6,0.3
78,0.94,3.82,0.0,0.0,0.6,0.3
79,0.94,3.82,0.0,0.9,0.4,0.1
79,0.94,3.82,0.0,0.9,0.4,0.1
79,0.94,3.82,0.0,0.9,0.4,0.1
79,0.94,3.82,0.0,0.9,0.4,0.1
79,0.94,3.82,0.0,0.9,0.4,0.1
79,0.94,3.82,0.0,0.9,0.4,0.1
79,0.94,3.82,0.0,0.9,0.4,0.1
79,0.94,3.82,0.0,0.9,0.4,0.1
79,0.94,3.82,0.0,0.9,0.4,0.1
79,0.94,3.82,0.0,0.9,0.4,0.1
79,0.94,3.82,0.0,0.9,0.4,0.1
79,0.94,3.82,0.0,0.9,0.4,0.1
79,0.94,3.82,0.0,0.9,0.4,0.1
79,0.94,3.82,0.0,0.9,0.4,0.1
79,0.94,3.82,0.0,0.9,0.4,0.1
79,0.94,3.82,0.0,0.9,0.4,0.1
79,0.94,3.82,0.0,0.9,0.4,0.1
79,0.94,3.82,0.0,0.9,0.4,0.1
79,0.94,3.82,0.0,0.9,0.4,0.1
79,0.94,3.82,0.0,0.9,0.4,0.1
80,0.94,3.82,0.0,0.4,0.9,0.1
80,0.94,3.82,0.0,0.4,0.9,0.1
80,0.94,3.82,0.0,0.4,0.9,0.1
80,0.94,3.82,0.0,0.4,0.9,0.1
80,0.94,3.82,0.0,0.4,0.9,0.1
80,0.94,3.82,0.0,0.4,0.9,0.1
80,0.94,3.82,0.0,0.4,0.9,0.1
80,0.94,3.82,0.0,0.4,0.9,0.1
80,0.94,3.82,0.0,0.4,0.9,0.1
80,0.94,3.82,0.0,0.4,0.9,0.1
80,0.94,3.82,0.0,0.4,0.9,0.1
80,0.94,3.82,0.0,0.4,0.9,0.1
80,0.94,3.82,0.0,0.4,0.9,0.1
80,0.94,3.82,0.0,0.4,0.9,0.1
80,0.94,3.82,0.0,0.4,0.9,0.1
80,0.94,3.82,0.0,0.4,0.9,0.1
80,0.94,3.82,0.0,0.4,0.9,0.1
81,2.75,13.74,0.0,0.1,0.4,0.9
81,2.75,13.74,0.0,0.1,0.4,0.9
81,2.75,13.74,0.0,0.1,0.4,0.9
81,2.75,13.74,0.0,0.1,0.4,0.9
81,2.75,13.74,0.0,0.1,0.4,0.9
81,2.75,13.74,0.0,0.1,0.4,0.9
81,2.75,13.74,0.0,0.1,0.4,0.9
81,2.75,13.74,0.0,0.1,0.4,0.9
81,2.75,13.74,0.0,0.1,0.4,0.9
81,2.75,13.74,0.0,0.1,0.4,0.9
81,2.75,13.74,0.0,0.1,0.4,0.9
81,2.75,13.74,0.0,0.1,0.4,0.9
81,2.81,13.55,0.0,0.1,0.4,0.9
81,2.79,13.52,0.0,0.1,0.4,0.9
81,2.79,13.53,0.0,0.1,0.4,0.9
81,2.59,13.27,0.0,0.1,0.4,0.9
81,2.46,13.2,0.0,0.1,0.4,0.9
81,2.46,13.2,0.0,0.1,0.4,0.9
81,2.14,13.18,0.0,0.1,0.4,0.9
81,1.47,13.17,0.0,0.1,0.4,0.9
81,1.14,13.17,0.0,0.1,0.4,0.9
81,0.74,13.14,0.0,0.1,0.4,0.9
81,0.5,13.02,0.0,0.1,0.4,0.9
81,0.43,12.74,0.0,0.1,0.4,0.9
82,0.34,12.02,0.0,0.9,0.1,0.4
82,0.4,11.73,0.0,0.9,0.1,0.4
82,0.46,11.42,0.0,0.9,0.1,0.4
82,0.46,11.42,0.0,0.9,0.1,0.4
82,0.36,10.68,0.0,0.9,0.1,0.4
82,0.17,10.57,0.0,0.9,0.1,0.4
82,-0.03,10.49,0.0,0.9,0.1,0.4
82,-0.41,10.39,0.0,0.9,0.1,0.4
82,-0.6,10.31,0.0,0.9,0.1,0.4
82,-1.07,10.03,0.0,0.9,0.1,0.4
82,-1.3,9.89,0.0,0.9,0.1,0.4
82,-1.85,9.64,0.0,0.9,0.1,0.4
82,-2.16,9.35,0.0,0.9,0.1,0.4
82,-1.95,9.18,0.0,0.9,0.1,0.4
83,-0.45,9.27,0.0,0.1,0.9,0.4
83,-0.45,9.27,0.0,0.1,0.9,0.4
83,-0.45,9.27,0.0,0.1,0.9,0.4
83,-0.24,9.15,0.0,0.1,0.9,0.4
83,-0.04,9.0,0.0,0.1,0.9,0.4
83,0.18,8.87,0.0,0.1,0.9,0.4
83,0.41,8.72,0.0,0.1,0.9,0.4
83,0.85,8.55,0.0,0.1,0.9,0.4
83,1.32,8.58,0.0,0.1,0.9,0.4
83,1.55,8.04,0.0,0.1,0.9,0.4
83,1.46,7.75,0.0,0.1,0.9,0.4
83,1.37,7.5,0.0,0.1,0.9,0.4
83,1.3,7.26,0.0,0.1,0.9,0.4
83,1.21,7.0,0.0,0.1,0.9,0.4
84,1.07,6.47,0.0,0.4,0.1,0.9
84,1.07,6.47,0.0,0.4,0.1,0.9
84,1.07,6.47,0.0,0.4,0.1,0.9
84,1.01,6.22,0.0,0.4,0.1,0.9
84,0.96,5.99,0.0,0.4,0.1,0.9
84,0.89,5.73,0.0,0.4,0.1,0.9
84,0.85,5.46,0.0,0.4,0.1,0.9
84,0.85,5.46,0.0,0.4,0.1,0.9
84,0.79,5.19,0.0,0.4,0.1,0.9
84,0.74,4.96,0.0,0.4,0.1,0.9
84,0.68,4.72,0.0,0.4,0.1,0.9
84,0.58,4.26,0.0,0.4,0.1,0.9
84,0.51,4.09,0.0,0.4,0.1,0.9
84,0.39,3.99,0.0,0.4,0.1,0.9
84,0.13,3.88,0.0,0.4,0.1,0.9
84,-0.0,3.79,0.0,0.4,0.1,0.9
84,-0.18,3.57,0.0,0.4,0.1,0.9
85,-0.31,3.35,0.0,0.7,0.7,0.7
85,-0.31,3.35,0.0,0.7,0.7,0.7
85,-0.31,3.35,0.0,0.7,0.7,0.7
85,-0.42,3.16,0.0,0.7,0.7,0.7
85,-0.5,2.91,0.0,0.7,0.7,0.7
85,-0.89,2.72,0.0,0.7,0.7,0.7
85,-1.43,2.58,0.0,0.7,0.7,0.7
85,-1.88,2.25,0.0,0.7,0.7,0.7
85,-2.53,1.74,0.0,0.7,0.7,0.7
85,-2.74,1.69,0.0,0.7,0.7,0.7
85,-2.91,1.71,0.0,0.7,0.7,0.7
85,-3.09,1.83,0.0,0.7,0.7,0.7
85,-3.09,1.83,0.0,0.7,0.7,0.7
86,-3.35,2.41,0.0,0.3,0.3,0.3
86,-3.35,2.41,0.0,0.3,0.3,0.3
86,-3.35,2.41,0.0,0.3,0.3,0.3
86,-3.47,2.71,0.0,0.3,0.3,0.3
86,-3.51,2.91,0.0,0.3,0.3,0.3
86,-3.56,3.1,0.0,0.3,0.3,0.3
86,-3.47,3.32,0.0,0.3,0.3,0.3
86,-3.38,3.4,0.0,0.3,0.3,0.3
86,-2.56,3.53,0.0,0.3,0.3,0.3
86,-2.35,3.56,0.0,0.3,0.3,0.3
86,-2.12,3.7,0.0,0.3,0.3,0.3
86,-2.01,3.91,0.0,0.3,0.3,0.3
86,-2.06,4.09,0.0,0.3,0.3,0.3
86,-2.11,4.2,0.0,0.3,0.3,0.3
86,-2.21,4.32,0.0,0.3,0.3,0.3
87,-2.59,4.62,0.0,1.0,0.6,0.6
87,-2.59,4.62,0.0,1.0,0.6,0.6
87,-2.59,4.62,0.0,1.0,0.6,0.6
87,-2.79,4.75,0.0,1.0,0.6,0.6
87,-2.95,4.87,0.0,1.0,0.6,0.6
87,-3.01,4.92,0.0,1.0,0.6,0.6
87,-3.01,4.92,0.0,1.0,0.6,0.6
87,-3.12,5.18,0.0,1.0,0.6,0.6
87,-3.12,5.18,0.0,1.0,0.6,0.6
87,-3.25,5.42,0.0,1.0,0.6,0.6
87,-3.4,5.64,0.0,1.0,0.6,0.6
87,-3.48,5.78,0.0,1.0,0.6,0.6
87,-3.43,6.05,0.0,1.0,0.6,0.6
87,-3.21,6.32,0.0,1.0,0.6,0.6
87,-3.06,6.44,0.0,1.0,0.6,0.6
88,-2.58,6.56,0.0,0.6,1.0,0.6
88,-2.58,6.56,0.0,0.6,1.0,0.6
88,-2.58,6.56,0.0,0.6,1.0,0.6
88,-2.58,6.56,0.0,0.6,1.0,0.6
88,-2.38,6.48,0.0,0.6,1.0,0.6
88,-2.33,6.49,0.0,0.6,1.0,0.6
88,-2.34,6.6,0.0,0.6,1.0,0.6
88,-2.36,6.67,0.0,0.6,1.0,0.6
88,-2.53,6.9,0.0,0.6,1.0,0.6
88,-2.63,7.35,0.0,0.6,1.0,0.6
88,-2.58,7.59,0.0,0.6,1.0,0.6
88,-2.58,7.75,0.0,0.6,1.0,0.6
88,-2.62,7.92,0.0,0.6,1.0,0.6
88,-2.76,8.22,0.0,0.6,1.0,0.6
88,-2.76,8.22,0.0,0.6,1.0,0.6
88,-3.0,8.78,0.0,0.6,1.0,0.6
88,-2.86,9.03,0.0,0.6,1.0,0.6
88,-2.71,9.13,0.0,0.6,1.0,0.6
90,-2.1,9.66,0.0,1.0,0.8,0.6
90,-2.1,9.66,0.0,1.0,0.8,0.6
90,-1.94,9.86,0.0,1.0,0.8,0.6
90,-1.8,9.96,0.0,1.0,0.8,0.6
90,-1.31,9.96,0.0,1.0,0.8,0.6
90,-1.21,9.89,0.0,1.0,0.8,0.6
90,-1.06,9.8,0.0,1.0,0.8,0.6
90,-0.96,9.7,0.0,1.0,0.8,0.6
90,-0.64,9.4,0.0,1.0,0.8,0.6
90,-0.23,9.23,0.0,1.0,0.8,0.6
90,0.23,8.75,0.0,1.0,0.8,0.6
91,1.14,8.51,0.0,0.8,1.0,0.6
91,1.14,8.51,0.0,0.8,1.0,0.6
91,1.14,8.51,0.0,0.8,1.0,0.6
91,1.43,8.6,0.0,0.8,1.0,0.6
91,1.43,8.6,0.0,0.8,1.0,0.6
91,1.74,8.65,0.0,0.8,1.0,0.6
91,2.06,8.71,0.0,0.8,1.0,0.6
91,2.35,8.76,0.0,0.8,1.0,0.6
91,2.71,8.86,0.0,0.8,1.0,0.6
91,2.66,9.1,0.0,0.8,1.0,0.6
91,2.35,8.98,0.0,0.8,1.0,0.6
91,2.3,8.96,0.0,0.8,1.0,0.6
91,2.02,8.88,0.0,0.8,1.0,0.6
91,1.74,8.77,0.0,0.8,1.0,0.6
91,1.74,8.77,0.0,0.8,1.0,0.6
91,1.18,8.58,0.0,0.8,1.0,0.6
91,1.18,8.58,0.0,0.8,1.0,0.6
92,0.89,8.46,0.0,0.6,1.0,0.8
92,0.89,8.46,0.0,0.6,1.0,0.8
92,0.89,8.46,0.0,0.6,1.0,0.8
92,0.89,8.46,0.0,0.6,1.0,0.8
92,0.89,8.46,0.0,0.6,1.0,0.8
92,0.58,8.32,0.0,0.6,1.0,0.8
92,0.58,8.32,0.0,0.6,1.0,0.8
92,0.27,8.19,0.0,0.6,1.0,0.8
92,-0.05,8.08,0.0,0.6,1.0,0.8
92,-0.05,8.08,0.0,0.6,1.0,0.8
92,-0.45,7.93,0.0,0.6,1.0,0.8
92,-0.81,8.07,0.0,0.6,1.0,0.8
92,-0.85,8.32,0.0,0.6,1.0,0.8
92,-0.85,8.32,0.0,0.6,1.0,0.8
92,-0.88,8.57,0.0,0.6,1.0,0.8
92,-0.92,8.8,0.0,0.6,1.0,0.8
93,-0.9,8.98,0.0,0.8,0.6,1.0
93,-0.9,8.98,0.0,0.8,0.6,1.0
93,-0.9,8.98,0.0,0.8,0.6,1.0
93,-0.73,9.21,0.0,0.8,0.6,1.0
93,-0.56,9.46,0.0,0.8,0.6,1.0
93,-0.56,9.46,0.0,0.8,0.6,1.0
93,-0.39,9.71,0.0,0.8,0.6,1.0
93,-0.23,9.94,0.0,0.8,0.6,1.0
93,-0.08,10.2,0.0,0.8,0.6,1.0
93,0.13,10.43,0.0,0.8,0.6,1.0
93,0.13,10.43,0.0,0.8,0.6,1.0
93,0.35,10.68,0.0,0.8,0.6,1.0
93,0.59,10.9,0.0,0.8,0.6,1.0
93,1.03,11.38,0.0,0.8,0.6,1.0
93,1.24,11.63,0.0,0.8,0.6,1.0
94,2.15,11.85,0.0,1.0,0.6,0.8
94,2.15,11.85,0.0,1.0,0.6,0.8
94,2.15,11.85,0.0,1.0,0.6,0.8
94,2.26,11.64,0.0,1.0,0.6,0.8
94,2.26,11.64,0.0,1.0,0.6,0.8
94,2.36,11.4,0.0,1.0,0.6,0.8
94,2.47,11.16,0.0,1.0,0.6,0.8
94,2.47,11.16,0.0,1.0,0.6,0.8
94,2.6,10.93,0.0,1.0,0.6,0.8
94,2.71,10.66,0.0,1.0,0.6,0.8
94,2.82,10.42,0.0,1.0,0.6,0.8
94,2.93,10.19,0.0,1.0,0.6,0.8
94,3.04,9.95,0.0,1.0,0.6,0.8
94,3.12,9.75,0.0,1.0,0.6,0.8
94,3.19,9.48,0.0,1.0,0.6,0.8
94,3.28,9.21,0.0,1.0,0.6,0.8
94,3.27,8.65,0.0,1.0,0.6,0.8
94,2.87,8.29,0.0,1.0,0.6,0.8
95,2.24,7.62,0.0,0.6,0.8,1.0
95,2.18,7.44,0.0,0.6,0.8,1.0
95,2.13,7.17,0.0,0.6,0.8,1.0
95,2.13,7.17,0.0,0.6,0.8,1.0
95,2.13,7.17,0.0,0.6,0.8,1.0
95,2.05,6.9,0.0,0.6,0.8,1.0
95,1.87,6.47,0.0,0.6,0.8,1.0
95,1.97,6.32,0.0,0.6,0.8,1.0
95,1.97,6.32,0.0,0.6,0.8,1.0
95,2.24,5.96,0.0,0.6,0.8,1.0
95,2.31,5.72,0.0,0.6,0.8,1.0
95,2.36,5.5,0.0,0.6,0.8,1.0
95,2.43,5.3,0.0,0.6,0.8,1.0
95,2.53,5.06,0.0,0.6,0.8,1.0
95,2.56,5.01,0.0,0.6,0.8,1.0
95,3.01,4.9,0.0,0.6,0.8,1.0
95,3.22,4.86,0.0,0.6,0.8,1.0
95,3.45,4.78,0.0,0.6,0.8,1.0
95,3.68,4.71,0.0,0.6,0.8,1.0
96,4.16,4.54,0.0,0.5,0.5,0.2
96,4.16,4.54,0.0,0.5,0.5,0.2
96,4.16,4.54,0.0,0.5,0.5,0.2
96,4.41,4.47,0.0,0.5,0.5,0.2
96,4.41,4.47,0.0,0.5,0.5,0.2
96,4.64,4.21,0.0,0.5,0.5,0.2
96,4.4,3.78,0.0,0.5,0.5,0.2
96,4.02,3.67,0.0,0.5,0.5,0.2
96,3.86,3.67,0.0,0.5,0.5,0.2
96,3.56,3.8,0.0,0.5,0.5,0.2
96,3.37,4.02,0.0,0.5,0.5,0.2
96,3.29,4.34,0.0,0.5,0.5,0.2
96,3.24,4.81,0.0,0.5,0.5,0.2
96,3.06,5.01,0.0,0.5,0.5,0.2
98,1.84,5.4,0.0,0.0,1.0,0.0
98,1.84,5.4,0.0,0.0,1.0,0.0
98,1.66,5.65,0.0,0.0,1.0,0.0
98,1.52,5.89,0.0,0.0,1.0,0.0
98,1.19,6.33,0.0,0.0,1.0,0.0
98,1.19,6.33,0.0,0.0,1.0,0.0
98,1.0,6.52,0.0,0.0,1.0,0.0
98,0.61,6.89,0.0,0.0,1.0,0.0
98,-0.12,7.27,0.0,0.0,1.0,0.0
98,-0.35,7.43,0.0,0.0,1.0,0.0
98,-0.89,7.61,0.0,0.0,1.0,0.0
98,-1.0,7.41,0.0,0.0,1.0,0.0
98,-1.02,7.32,0.0,0.0,1.0,0.0
99,-0.95,6.57,0.0,0.0,0.0,1.0
99,-0.95,6.57,0.0,0.0,0.0,1.0
99,-0.95,6.57,0.0,0.0,0.0,1.0
99,-1.07,6.04,0.0,0.0,0.0,1.0
99,-1.2,5.67,0.0,0.0,0.0,1.0
99,-1.32,5.53,0.0,0.0,0.0,1.0
99,-1.53,5.42,0.0,0.0,0.0,1.0
99,-1.77,5.31,0.0,0.0,0.0,1.0
99,-2.03,5.21,0.0,0.0,0.0,1.0
99,-2.54,5.04,0.0,0.0,0.0,1.0
99,-2.76,4.97,0.0,0.0,0.0,1.0
99,-2.92,4.9,0.0,0.0,0.0,1.0
99,-3.23,4.51,0.0,0.0,0.0,1.0
99,-3.26,4.35,0.0,0.0,0.0,1.0
99,-3.22,4.08,0.0,0.0,0.0,1.0
99,-3.14,3.94,0.0,0.0,0.0,1.0
99,-3.03,3.82,0.0,0.0,0.0,1.0
100,-2.64,3.18,0.0,1.0,1.0,0.0
100,-2.81,3.2,0.0,1.0,1.0,0.0
100,-3.05,3.28,0.0,1.0,1.0,0.0
100,-3.05,3.28,0.0,1.0,1.0,0.0
100,-3.05,3.28,0.0,1.0,1.0,0.0
100,-3.05,3.28,0.0,1.0,1.0,0.0
100,-3.05,3.28,0.0,1.0,1.0,0.0
100,-3.05,3.28,0.0,1.0,1.0,0.0
100,-3.29,3.37,0.0,1.0,1.0,0.0
100,-3.28,3.54,0.0,1.0,1.0,0.0
100,-2.97,4.05,0.0,1.0,1.0,0.0
100,-2.67,4.57,0.0,1.0,1.0,0.0
100,-2.07,5.41,0.0,1.0,1.0,0.0
101,-1.68,5.6,0.0,1.0,0.0,1.0
101,-1.0,5.9,0.0,1.0,0.0,1.0
101,-0.73,6.28,0.0,1.0,0.0,1.0
101,-0.67,6.48,0.0,1.0,0.0,1.0
101,-0.59,6.73,0.0,1.0,0.0,1.0
101,-0.43,6.98,0.0,1.0,0.0,1.0
101,-0.43,6.98,0.0,1.0,0.0,1.0
101,-0.28,7.22,0.0,1.0,0.0,1.0
101,0.01,7.71,0.0,1.0,0.0,1.0
